# Blender 4.5.2 LTS
# www.blender.org
o 00_steni
v -30.160055 4.185131 24.657722
v 30.160055 4.185131 24.657722
v -30.160055 4.185123 -24.657722
v 30.160055 4.185123 -24.657722
v -30.160055 45.818039 24.657715
v 30.160055 45.818039 24.657715
v -30.160055 45.818039 -24.657730
v 30.160055 45.818039 -24.657730
v -30.160055 51.023682 24.657715
v 30.160055 51.023682 24.657715
v -30.160055 51.023682 -24.657730
v 30.160055 51.023682 -24.657730
vt 0.479100 0.403083
vt 0.677291 0.403083
vt 0.677291 0.601626
vt 0.479100 0.601626
vt 0.827993 0.021479
vt 0.985023 0.021479
vt 0.985023 0.178510
vt 0.827993 0.178510
vt 0.328658 0.628300
vt 0.526848 0.628300
vt 0.526848 0.826844
vt 0.328658 0.826844
vt 0.827993 0.198602
vt 0.985023 0.198602
vt 0.985023 0.355633
vt 0.827993 0.355633
vt 0.677291 0.620338
vt 0.479100 0.620338
vt 0.526848 0.846566
vt 0.328658 0.846566
s 1
f 1/1 2/2 6/3 5/4
f 2/5 4/6 8/7 6/8
f 4/9 3/10 7/11 8/12
f 3/13 1/14 5/15 7/16
f 5/4 6/3 10/17 9/18
f 8/12 7/11 11/19 12/20
o 01_stolbi
v -31.719131 4.185123 -25.945755
v -25.219131 4.185123 -25.945755
v -31.719131 4.185123 -19.445755
v -25.219131 4.185123 -19.445755
v -31.719131 45.559666 -25.945763
v -25.219131 45.559666 -25.945763
v -31.719131 45.559673 -19.445763
v -25.219131 45.559673 -19.445763
v -31.719131 4.185131 25.945755
v -25.219131 4.185131 25.945755
v -31.719131 4.185130 19.445755
v -25.219131 4.185130 19.445755
v -31.719131 45.559681 25.945747
v -25.219131 45.559681 25.945747
v -31.719131 45.559673 19.445747
v -25.219131 45.559673 19.445747
v 31.719135 4.185131 25.945755
v 25.219131 4.185131 25.945755
v 31.719135 4.185130 19.445755
v 25.219131 4.185130 19.445755
v 31.719135 45.559681 25.945747
v 25.219131 45.559681 25.945747
v 31.719135 45.559673 19.445747
v 25.219131 45.559673 19.445747
v 31.719135 4.185123 -25.945755
v 25.219131 4.185123 -25.945755
v 31.719135 4.185123 -19.445755
v 25.219131 4.185123 -19.445755
v 31.719135 45.559666 -25.945763
v 25.219131 45.559666 -25.945763
v 31.719135 45.559673 -19.445763
v 25.219131 45.559673 -19.445763
vt 0.938690 0.693716
vt 0.962248 0.693717
vt 0.962248 0.543766
vt 0.938690 0.543766
vt 0.985805 0.693717
vt 0.985805 0.543766
vt 0.891575 0.693716
vt 0.915133 0.693716
vt 0.915133 0.543766
vt 0.891575 0.543766
vt 0.962248 0.711806
vt 0.962248 0.861757
vt 0.938690 0.861756
vt 0.938691 0.711806
vt 0.985805 0.711807
vt 0.985805 0.861757
vt 0.915133 0.711806
vt 0.915133 0.861756
vt 0.891575 0.861756
vt 0.891575 0.711806
vt 0.613509 0.796731
vt 0.637066 0.796731
vt 0.637066 0.646781
vt 0.613509 0.646781
vt 0.660623 0.796732
vt 0.660623 0.646781
vt 0.566394 0.796731
vt 0.589951 0.796731
vt 0.589951 0.646781
vt 0.566394 0.646781
vt 0.962248 0.375726
vt 0.962248 0.525677
vt 0.938690 0.525676
vt 0.938690 0.375726
vt 0.985805 0.375726
vt 0.985805 0.525677
vt 0.915133 0.375726
vt 0.915133 0.525676
vt 0.891575 0.525676
vt 0.891575 0.375726
s 1
f 17/21 18/22 14/23 13/24
f 18/22 20/25 16/26 14/23
f 20/27 19/28 15/29 16/30
f 19/28 17/21 13/24 15/29
f 22/31 26/32 25/33 21/34
f 24/35 28/36 26/32 22/31
f 23/37 27/38 28/39 24/40
f 21/34 25/33 27/38 23/37
f 33/41 34/42 30/43 29/44
f 34/42 36/45 32/46 30/43
f 36/47 35/48 31/49 32/50
f 35/48 33/41 29/44 31/49
f 38/51 42/52 41/53 37/54
f 40/55 44/56 42/52 38/51
f 39/57 43/58 44/59 40/60
f 37/54 41/53 43/58 39/57
o 02_stolby_krisha
v -29.274870 91.165886 -0.156336
v -29.274866 42.658478 -30.358797
v -29.274872 92.419960 -2.804499
v -29.274868 45.627712 -34.408211
v -32.877556 91.165894 -0.156333
v -32.877552 42.658478 -30.358797
v -32.877560 92.419960 -2.804500
v -32.877556 45.627712 -34.408211
v -32.877556 80.510452 -2.603848
v -32.877560 85.026459 -5.519094
v -29.274872 85.026459 -5.519091
v -29.274870 80.510452 -2.603848
v -32.877556 85.640350 -0.271199
v -29.274868 85.640350 -0.271203
v -29.274870 91.165886 0.156314
v -29.274866 42.658493 30.358791
v -29.274872 92.419960 2.804477
v -29.274868 45.627731 34.408207
v -32.877556 91.165894 0.156310
v -32.877552 42.658493 30.358791
v -32.877560 92.419960 2.804479
v -32.877556 45.627731 34.408203
v -32.877556 80.510452 2.603832
v -32.877560 85.026459 5.519075
v -29.274872 85.026459 5.519071
v -29.274870 80.510460 2.603830
v -32.877556 85.640350 0.271181
v -29.274868 85.640350 0.271184
v 29.274868 91.165894 0.156312
v 29.274864 42.658493 30.358795
v 29.274868 92.419968 2.804477
v 29.274864 45.627731 34.408207
v 32.877556 91.165894 0.156307
v 32.877548 42.658493 30.358788
v 32.877563 92.419968 2.804477
v 32.877556 45.627728 34.408203
v 32.877556 80.510452 2.603830
v 32.877556 85.026459 5.519073
v 29.274872 85.026459 5.519071
v 29.274868 80.510460 2.603828
v 32.877556 85.640350 0.271179
v 29.274868 85.640358 0.271181
v 29.274868 91.165894 -0.156336
v 29.274868 42.658478 -30.358799
v 29.274868 92.419968 -2.804499
v 29.274864 45.627708 -34.408211
v 32.877556 91.165894 -0.156331
v 32.877548 42.658474 -30.358799
v 32.877563 92.419968 -2.804500
v 32.877556 45.627708 -34.408211
v 32.877556 80.510452 -2.603848
v 32.877563 85.026459 -5.519095
v 29.274868 85.026459 -5.519091
v 29.274868 80.510460 -2.603848
v 32.877556 85.640350 -0.271197
v 29.274872 85.640350 -0.271201
vt 0.165244 0.831664
vt 0.164645 0.802827
vt 0.148188 0.813432
vt 0.155206 0.831365
vt 0.255556 0.770926
vt 0.255556 0.751500
vt 0.242123 0.751500
vt 0.242123 0.770926
vt 0.164965 0.607349
vt 0.165001 0.625532
vt 0.177972 0.625532
vt 0.178011 0.607349
vt 0.178328 0.802827
vt 0.164962 0.842274
vt 0.178008 0.842275
vt 0.177728 0.831664
vt 0.196224 0.794517
vt 0.196081 0.625309
vt 0.146893 0.625308
vt 0.146749 0.794516
vt 0.255556 0.730533
vt 0.255556 0.561932
vt 0.242123 0.561932
vt 0.242123 0.730533
vt 0.194785 0.813433
vt 0.187766 0.831366
vt 0.084605 0.813432
vt 0.101062 0.802827
vt 0.101661 0.831664
vt 0.091623 0.831365
vt 0.210332 0.801458
vt 0.223765 0.801458
vt 0.223765 0.820884
vt 0.210332 0.820884
vt 0.114389 0.625532
vt 0.101418 0.625532
vt 0.101382 0.607349
vt 0.114428 0.607349
vt 0.114745 0.802827
vt 0.114426 0.842275
vt 0.101380 0.842274
vt 0.114145 0.831665
vt 0.132641 0.794517
vt 0.132498 0.625309
vt 0.083310 0.625308
vt 0.083166 0.794516
vt 0.210332 0.611890
vt 0.223765 0.611890
vt 0.223765 0.780491
vt 0.210332 0.780491
vt 0.131202 0.813433
vt 0.124184 0.831366
vt 0.038079 0.836206
vt 0.037479 0.807369
vt 0.021022 0.817973
vt 0.028040 0.835907
vt 0.310056 0.780009
vt 0.310056 0.760583
vt 0.296623 0.760583
vt 0.296623 0.780009
vt 0.037799 0.611890
vt 0.037836 0.630073
vt 0.050807 0.630074
vt 0.050845 0.611891
vt 0.051163 0.807369
vt 0.037797 0.846816
vt 0.050843 0.846817
vt 0.050563 0.836206
vt 0.069058 0.799059
vt 0.068915 0.629850
vt 0.019727 0.629849
vt 0.019584 0.799057
vt 0.310056 0.739616
vt 0.310056 0.571016
vt 0.296623 0.571016
vt 0.296623 0.739616
vt 0.067619 0.817974
vt 0.060601 0.835908
vt 0.529684 0.227562
vt 0.546141 0.216958
vt 0.546740 0.245795
vt 0.536702 0.245496
vt 0.269373 0.751500
vt 0.282806 0.751500
vt 0.282806 0.770926
vt 0.269373 0.770926
vt 0.559468 0.039663
vt 0.546497 0.039663
vt 0.546461 0.021479
vt 0.559507 0.021480
vt 0.559824 0.216958
vt 0.559505 0.256406
vt 0.546459 0.256405
vt 0.559224 0.245795
vt 0.577720 0.208648
vt 0.577577 0.039439
vt 0.528389 0.039439
vt 0.528245 0.208647
vt 0.269373 0.561932
vt 0.282806 0.561932
vt 0.282806 0.730533
vt 0.269373 0.730533
vt 0.576281 0.227564
vt 0.569263 0.245497
s 1
f 51/61 54/62 57/63 49/64
f 49/65 57/66 58/67 45/68
f 50/69 52/70 48/71 46/72
f 52/70 54/62 55/73 48/71
f 51/61 49/74 45/75 47/76
f 48/71 55/73 56/77 46/78
f 54/62 52/70 50/79 53/80
f 53/81 50/82 46/83 56/84
f 55/73 58/85 56/77
f 54/62 53/80 57/63
f 57/66 53/81 56/84 58/67
f 54/62 51/61 47/76 55/73
f 55/73 47/76 45/86 58/85
f 71/87 68/88 65/89 63/90
f 72/91 71/92 63/93 59/94
f 62/95 66/96 64/97 60/98
f 69/99 68/88 66/96 62/95
f 59/100 63/101 65/89 61/102
f 70/103 69/99 62/95 60/104
f 64/105 66/96 68/88 67/106
f 60/107 64/108 67/109 70/110
f 72/111 69/99 70/103
f 67/106 68/88 71/87
f 70/110 67/109 71/92 72/91
f 61/102 65/89 68/88 69/99
f 59/112 61/102 69/99 72/111
f 79/113 82/114 85/115 77/116
f 77/117 85/118 86/119 73/120
f 78/121 80/122 76/123 74/124
f 80/122 82/114 83/125 76/123
f 79/113 77/126 73/127 75/128
f 76/123 83/125 84/129 74/130
f 82/114 80/122 78/131 81/132
f 81/133 78/134 74/135 84/136
f 83/125 86/137 84/129
f 82/114 81/132 85/115
f 85/118 81/133 84/136 86/119
f 82/114 79/113 75/128 83/125
f 83/125 75/128 73/138 86/137
f 99/139 96/140 93/141 91/142
f 100/143 99/144 91/145 87/146
f 90/147 94/148 92/149 88/150
f 97/151 96/140 94/148 90/147
f 87/152 91/153 93/141 89/154
f 98/155 97/151 90/147 88/156
f 92/157 94/148 96/140 95/158
f 88/159 92/160 95/161 98/162
f 100/163 97/151 98/155
f 95/158 96/140 99/139
f 98/162 95/161 99/144 100/143
f 89/154 93/141 96/140 97/151
f 87/164 89/154 97/151 100/163
o 03_krisha
v -30.160055 45.798454 32.425190
v 30.160055 45.798454 32.425186
v -30.160055 85.892975 2.934337
v 30.160055 85.892975 2.934337
v 30.160055 89.439430 2.451604
v -30.160055 45.798439 -32.425205
v 30.160055 45.798439 -32.425201
v 30.160055 85.892975 -2.934361
v -30.160055 85.892975 -2.934361
v 30.160055 89.439423 -2.451632
v -30.160055 89.439423 -2.451632
v -30.160055 89.439423 2.451604
v -30.160055 44.909679 31.216850
v 30.160055 44.909683 31.216846
v -30.160055 44.909664 -31.216866
v 30.160055 44.909668 -31.216862
v -30.160055 53.880817 22.895473
v 30.160055 53.880821 22.895472
v -30.160055 53.880817 -22.895489
v 30.160055 53.880821 -22.895487
vt 0.065732 0.239046
vt 0.065732 0.015940
vt 0.242486 0.015940
vt 0.242486 0.239046
vt 0.255196 0.015940
vt 0.255196 0.239046
vt 0.462071 0.239046
vt 0.285318 0.239046
vt 0.285318 0.015940
vt 0.462071 0.015940
vt 0.272608 0.239046
vt 0.272608 0.015940
vt 0.060405 0.239046
vt 0.060405 0.015940
vt 0.467397 0.015940
vt 0.467397 0.239046
vt 0.017154 0.239046
vt 0.016748 0.015940
vt 0.510851 0.015940
vt 0.510851 0.239046
s 1
f 101/165 102/166 104/167 103/168
f 103/168 104/167 105/169 112/170
f 106/171 109/172 108/173 107/174
f 109/172 111/175 110/176 108/173
f 111/175 112/170 105/169 110/176
f 102/166 101/165 113/177 114/178
f 106/171 107/174 116/179 115/180
f 114/178 113/177 117/181 118/182
f 115/180 116/179 120/183 119/184
o 04_krisha_bok
v 30.160055 87.362099 -0.000014
v -30.160055 87.362099 -0.000014
v -30.160055 45.818047 29.645832
v 30.160055 45.818047 29.645832
v -30.160055 45.818031 -29.645847
v 30.160055 45.818031 -29.645847
vt 0.242123 0.402975
vt 0.457009 0.402975
vt 0.349566 0.553540
vt 0.596370 0.189519
vt 0.811256 0.189519
vt 0.703813 0.340084
s 1
f 124/185 126/186 121/187
f 125/188 123/189 122/190
o 05_balka_krishi
v -27.330490 87.981201 -1.772996
v -27.330490 65.484276 -1.772994
v -27.330492 87.981201 1.651362
v -27.330492 65.484276 1.651363
v -30.933178 87.981201 -1.772997
v -30.933178 65.484276 -1.772995
v -30.933178 87.981201 1.651361
v -30.933178 65.484276 1.651362
v -30.933178 53.212200 -1.772991
v -30.933178 43.658791 -1.772991
v -30.933178 43.658791 1.651366
v -30.933178 53.212200 1.651367
v -27.330490 53.212204 -1.772990
v -27.330490 43.658794 -1.772990
v -27.330492 43.658794 1.651367
v -27.330492 53.212204 1.651368
vt 0.850133 0.847839
vt 0.850133 0.766305
vt 0.862543 0.766305
vt 0.862543 0.847839
vt 0.837076 0.847839
vt 0.837076 0.766305
vt 0.875600 0.766305
vt 0.875600 0.847839
vt 0.598281 0.849782
vt 0.598281 0.815159
vt 0.610691 0.815159
vt 0.610691 0.849782
vt 0.585224 0.849782
vt 0.585224 0.815159
vt 0.623748 0.815159
vt 0.623748 0.849782
s 1
f 131/191 132/192 134/193 133/194
f 127/195 128/196 132/192 131/191
f 130/197 129/198 133/194 134/193
f 135/199 136/200 137/201 138/202
f 139/203 140/204 136/200 135/199
f 141/205 142/206 138/202 137/201
o 06_balka_krishi_1
v -48.540466 79.857590 -2.852967
v -17.273285 79.857590 -2.852967
v -48.540466 79.857590 2.852943
v -17.273285 79.857590 2.852943
v -48.540466 73.656616 -2.852967
v -17.273285 73.656616 -2.852967
v -48.540466 73.656616 2.852945
v -17.273285 73.656616 2.852945
vt 0.764410 0.725681
vt 0.764410 0.705001
vt 0.877729 0.705001
vt 0.877729 0.725681
vt 0.764410 0.661848
vt 0.877729 0.661848
vt 0.877729 0.682528
vt 0.764410 0.682527
vt 0.877729 0.748154
vt 0.764410 0.748154
vt 0.382914 0.898012
vt 0.403593 0.898012
vt 0.403593 0.920486
vt 0.382914 0.920486
s 1
f 143/207 145/208 146/209 144/210
f 147/211 148/212 150/213 149/214
f 143/207 144/210 148/215 147/216
f 146/209 145/208 149/214 150/213
f 145/217 143/218 147/219 149/220
o 07_balka_krishi_2
v -46.115437 73.440765 3.271701
v -43.482670 73.440765 3.271701
v -46.115437 73.440765 -3.271723
v -43.482670 73.440765 -3.271723
v -46.115437 80.267319 3.271699
v -43.482670 80.267319 3.271699
v -46.115437 80.267319 -3.271723
v -43.482670 80.267319 -3.271723
v -43.482670 74.050804 2.636230
v -43.482670 74.050804 -2.636251
v -43.482670 79.657280 -2.636253
v -43.482670 79.657280 2.636229
v -46.115437 74.050804 -2.636251
v -46.115437 74.050804 2.636230
v -46.115437 79.657280 2.636229
v -46.115437 79.657280 -2.636253
vt 0.242123 0.843901
vt 0.242123 0.836419
vt 0.283125 0.836419
vt 0.283125 0.843901
vt 0.242123 0.820805
vt 0.283125 0.820805
vt 0.283125 0.828287
vt 0.242123 0.828287
vt 0.283125 0.852033
vt 0.242123 0.852033
vt 0.242123 0.530141
vt 0.249765 0.530141
vt 0.249023 0.530853
vt 0.242865 0.530853
vt 0.249765 0.538113
vt 0.249023 0.537400
vt 0.242123 0.538113
vt 0.242865 0.537400
vt 0.774845 0.441185
vt 0.782486 0.441185
vt 0.781744 0.441897
vt 0.775587 0.441897
vt 0.782486 0.449157
vt 0.781744 0.448444
vt 0.774845 0.449157
vt 0.775587 0.448444
s 1
f 151/221 153/222 154/223 152/224
f 155/225 156/226 158/227 157/228
f 151/221 152/224 156/229 155/230
f 154/223 153/222 157/228 158/227
f 152/231 154/232 160/233 159/234
f 154/232 158/235 161/236 160/233
f 158/235 156/237 162/238 161/236
f 156/237 152/231 159/234 162/238
f 153/239 151/240 164/241 163/242
f 151/240 155/243 165/244 164/241
f 155/243 157/245 166/246 165/244
f 157/245 153/239 163/242 166/246
o 08_truba
v 8.707125 103.610199 -3.870091
v 8.707126 103.610199 -11.576748
v 8.707125 65.960396 -3.870085
v 16.413782 65.960396 -3.870085
v 8.707125 65.960396 -11.576742
v 16.413782 65.960396 -11.576742
v 16.413782 103.610199 -3.870091
v 16.413782 103.610199 -11.576748
vt 0.848202 0.507433
vt 0.876132 0.507433
vt 0.876132 0.643884
vt 0.848202 0.643884
vt 0.792340 0.507433
vt 0.820271 0.507433
vt 0.820271 0.643884
vt 0.792340 0.643884
vt 0.291349 0.863263
vt 0.311099 0.843513
vt 0.311099 0.883013
vt 0.330849 0.863263
vt 0.764410 0.643884
vt 0.764410 0.507433
s 1
f 169/247 170/248 173/249 167/250
f 172/251 171/252 168/253 174/254
f 171/252 169/247 167/250 168/253
f 167/255 173/256 168/257
f 173/256 174/258 168/257
f 172/251 174/254 173/259 170/260
o 09_truba_1
v 8.913314 96.468689 -4.076278
v 16.207592 96.468689 -4.076278
v 8.913314 96.468689 -11.370558
v 16.207592 96.468689 -11.370558
v 7.476853 96.468689 -2.639818
v 17.644054 96.468689 -2.639818
v 7.476853 96.468689 -12.807019
v 17.644054 96.468689 -12.807019
v 7.476853 101.206795 -2.639820
v 17.644054 101.206795 -2.639820
v 7.476853 101.206795 -12.807019
v 17.644054 101.206795 -12.807019
v 8.918538 101.206795 -4.081505
v 16.202370 101.206795 -4.081505
v 8.918538 101.206795 -11.365335
v 16.202370 101.206795 -11.365335
vt 0.442088 0.901873
vt 0.468524 0.901873
vt 0.473730 0.907079
vt 0.436882 0.907079
vt 0.468524 0.875437
vt 0.473730 0.870231
vt 0.442088 0.875437
vt 0.436882 0.870231
vt 0.293111 0.920721
vt 0.329959 0.920721
vt 0.329959 0.937893
vt 0.293111 0.937893
vt 0.366808 0.920721
vt 0.366808 0.937893
vt 0.219415 0.920721
vt 0.256263 0.920721
vt 0.256263 0.937893
vt 0.219415 0.937893
vt 0.491381 0.870231
vt 0.528229 0.870231
vt 0.523004 0.875456
vt 0.496606 0.875456
vt 0.528229 0.907079
vt 0.523004 0.901855
vt 0.491381 0.907079
vt 0.496606 0.901855
s 1
f 175/261 176/262 180/263 179/264
f 176/262 178/265 182/266 180/263
f 178/265 177/267 181/268 182/266
f 177/267 175/261 179/264 181/268
f 179/269 180/270 184/271 183/272
f 180/270 182/273 186/274 184/271
f 182/275 181/276 185/277 186/278
f 181/276 179/269 183/272 185/277
f 183/279 184/280 188/281 187/282
f 184/280 186/283 190/284 188/281
f 186/283 185/285 189/286 190/284
f 185/285 183/279 187/282 189/286
o 10_palka_pod_krishej
v -23.170183 42.225609 27.022934
v -23.170185 45.194839 31.072350
v -25.467808 42.225609 27.022934
v -25.467810 45.194843 31.072348
v -25.467812 59.371262 20.677485
v -25.467810 55.845474 17.036165
v -23.170185 55.845474 17.036165
v -23.170187 59.371265 20.677486
v -13.283922 42.225605 27.022938
v -13.283922 45.194839 31.072355
v -15.581547 42.225605 27.022938
v -15.581548 45.194839 31.072353
v -15.581550 59.371265 20.677488
v -15.581548 55.845470 17.036169
v -13.283923 55.845474 17.036169
v -13.283924 59.371265 20.677488
v -3.397661 42.225605 27.022936
v -3.397661 45.194839 31.072351
v -5.695286 42.225609 27.022934
v -5.695288 45.194839 31.072350
v -5.695290 59.371265 20.677486
v -5.695288 55.845474 17.036165
v -3.397663 55.845474 17.036165
v -3.397665 59.371265 20.677486
v 6.488598 42.225605 27.022934
v 6.488594 45.194839 31.072351
v 4.190973 42.225609 27.022934
v 4.190971 45.194839 31.072350
v 4.190969 59.371265 20.677485
v 4.190971 55.845474 17.036165
v 6.488598 55.845474 17.036165
v 6.488594 59.371265 20.677486
v 16.374863 42.225609 27.022938
v 16.374859 45.194839 31.072353
v 14.077236 42.225609 27.022936
v 14.077232 45.194843 31.072351
v 14.077232 59.371265 20.677488
v 14.077236 55.845474 17.036167
v 16.374863 55.845474 17.036169
v 16.374859 59.371265 20.677488
v 26.261116 42.225605 27.022938
v 26.261112 45.194839 31.072353
v 23.963490 42.225609 27.022936
v 23.963486 45.194839 31.072351
v 23.963486 59.371265 20.677486
v 23.963490 55.845474 17.036167
v 26.261116 55.845474 17.036169
v 26.261112 59.371265 20.677488
v -23.170183 42.225594 -27.022947
v -23.170185 45.194824 -31.072363
v -25.467808 42.225594 -27.022943
v -25.467810 45.194828 -31.072359
v -25.467812 59.371262 -20.677496
v -25.467810 55.845470 -17.036177
v -23.170185 55.845474 -17.036177
v -23.170187 59.371262 -20.677504
v -13.283922 42.225586 -27.022951
v -13.283922 45.194824 -31.072367
v -15.581547 42.225594 -27.022947
v -15.581548 45.194824 -31.072363
v -15.581550 59.371262 -20.677500
v -15.581547 55.845474 -17.036180
v -13.283922 55.845474 -17.036180
v -13.283924 59.371262 -20.677500
v -3.397663 42.225594 -27.022947
v -3.397661 45.194824 -31.072363
v -5.695288 42.225594 -27.022947
v -5.695288 45.194824 -31.072367
v -5.695290 59.371265 -20.677500
v -5.695288 55.845474 -17.036180
v -3.397663 55.845474 -17.036177
v -3.397665 59.371265 -20.677496
v 6.488598 42.225586 -27.022951
v 6.488594 45.194828 -31.072363
v 4.190971 42.225594 -27.022943
v 4.190971 45.194824 -31.072363
v 4.190969 59.371265 -20.677496
v 4.190971 55.845474 -17.036180
v 6.488598 55.845474 -17.036180
v 6.488598 59.371262 -20.677500
v 16.374863 42.225590 -27.022951
v 16.374859 45.194824 -31.072367
v 14.077236 42.225594 -27.022951
v 14.077232 45.194828 -31.072367
v 14.077236 59.371265 -20.677500
v 14.077236 55.845474 -17.036180
v 16.374863 55.845474 -17.036180
v 16.374863 59.371265 -20.677504
v 26.261116 42.225586 -27.022951
v 26.261112 45.194824 -31.072363
v 23.963490 42.225594 -27.022947
v 23.963486 45.194824 -31.072359
v 23.963490 59.371265 -20.677500
v 23.963490 55.845470 -17.036180
v 26.261116 55.845474 -17.036180
v 26.261116 59.371265 -20.677504
vt 0.713696 0.525599
vt 0.713696 0.543798
vt 0.705369 0.543798
vt 0.705369 0.525599
vt 0.628193 0.925262
vt 0.628193 0.986471
vt 0.609995 0.988973
vt 0.609995 0.925262
vt 0.636521 0.986471
vt 0.636521 0.925262
vt 0.654719 0.925262
vt 0.654719 0.988972
vt 0.713696 0.698181
vt 0.713696 0.716379
vt 0.705369 0.716379
vt 0.705369 0.698181
vt 0.691776 0.925262
vt 0.691776 0.986471
vt 0.673578 0.988973
vt 0.673577 0.925262
vt 0.700103 0.986471
vt 0.700103 0.925262
vt 0.718302 0.925262
vt 0.718302 0.988972
vt 0.713696 0.661848
vt 0.713696 0.680046
vt 0.705369 0.680046
vt 0.705369 0.661848
vt 0.501028 0.925262
vt 0.501028 0.986471
vt 0.482829 0.988973
vt 0.482829 0.925262
vt 0.509355 0.986471
vt 0.509355 0.925262
vt 0.527553 0.925262
vt 0.527554 0.988973
vt 0.713696 0.489266
vt 0.713696 0.507465
vt 0.705369 0.507465
vt 0.705369 0.489266
vt 0.564611 0.925262
vt 0.564611 0.986471
vt 0.546412 0.988973
vt 0.546412 0.925262
vt 0.572938 0.986471
vt 0.572938 0.925262
vt 0.591136 0.925262
vt 0.591136 0.988973
vt 0.713696 0.452933
vt 0.713696 0.471132
vt 0.705369 0.471132
vt 0.705369 0.452933
vt 0.437445 0.925262
vt 0.437445 0.986471
vt 0.419247 0.988973
vt 0.419247 0.925262
vt 0.445772 0.986471
vt 0.445772 0.925262
vt 0.463971 0.925262
vt 0.463971 0.988973
vt 0.713696 0.416600
vt 0.713696 0.434799
vt 0.705369 0.434799
vt 0.705369 0.416600
vt 0.755359 0.925262
vt 0.755359 0.986471
vt 0.737160 0.988973
vt 0.737160 0.925262
vt 0.763686 0.986471
vt 0.763686 0.925262
vt 0.781884 0.925262
vt 0.781885 0.988972
s 1
f 191/287 192/288 194/289 193/290
f 191/291 197/292 198/293 192/294
f 196/295 193/296 194/297 195/298
f 197/292 191/291 193/296 196/295
f 199/299 200/300 202/301 201/302
f 199/303 205/304 206/305 200/306
f 204/307 201/308 202/309 203/310
f 205/304 199/303 201/308 204/307
f 207/311 208/312 210/313 209/314
f 207/315 213/316 214/317 208/318
f 212/319 209/320 210/321 211/322
f 213/316 207/315 209/320 212/319
f 215/323 216/324 218/325 217/326
f 215/327 221/328 222/329 216/330
f 220/331 217/332 218/333 219/334
f 221/328 215/327 217/332 220/331
f 223/335 224/336 226/337 225/338
f 223/339 229/340 230/341 224/342
f 228/343 225/344 226/345 227/346
f 229/340 223/339 225/344 228/343
f 231/347 232/348 234/349 233/350
f 231/351 237/352 238/353 232/354
f 236/355 233/356 234/357 235/358
f 237/352 231/351 233/356 236/355
f 239/287 241/290 242/289 240/288
f 239/291 240/294 246/293 245/292
f 244/295 243/298 242/297 241/296
f 245/292 244/295 241/296 239/291
f 247/299 249/302 250/301 248/300
f 247/303 248/306 254/305 253/304
f 252/307 251/310 250/309 249/308
f 253/304 252/307 249/308 247/303
f 255/311 257/314 258/313 256/312
f 255/315 256/318 262/317 261/316
f 260/319 259/322 258/321 257/320
f 261/316 260/319 257/320 255/315
f 263/323 265/326 266/325 264/324
f 263/327 264/330 270/329 269/328
f 268/331 267/334 266/333 265/332
f 269/328 268/331 265/332 263/327
f 271/335 273/338 274/337 272/336
f 271/339 272/342 278/341 277/340
f 276/343 275/346 274/345 273/344
f 277/340 276/343 273/344 271/339
f 279/347 281/350 282/349 280/348
f 279/351 280/354 286/353 285/352
f 284/355 283/358 282/357 281/356
f 285/352 284/355 281/356 279/351
o 11_okno_krugloe
v -29.627136 66.976540 -0.000010
v -29.627136 66.393082 -2.933237
v -29.627136 64.731544 -5.419907
v -29.627136 62.244873 -7.081446
v -29.627136 59.311646 -7.664899
v -29.627136 56.378418 -7.081444
v -29.627136 53.891750 -5.419905
v -29.627136 52.230209 -2.933235
v -29.627136 51.646755 -0.000009
v -29.627136 52.230209 2.933217
v -29.627136 53.891747 5.419887
v -29.627136 56.378418 7.081428
v -29.627136 59.311646 7.664882
v -29.627136 62.244873 7.081426
v -29.627136 64.731544 5.419885
v -29.627136 66.393082 2.933213
v -32.199413 66.976540 -0.000010
v -32.199413 66.393082 -2.933237
v -32.199413 64.731544 -5.419907
v -32.199413 62.244873 -7.081446
v -32.199413 59.311646 -7.664899
v -32.199413 56.378418 -7.081444
v -32.199413 53.891750 -5.419905
v -32.199413 52.230209 -2.933235
v -32.199413 51.646755 -0.000009
v -32.199413 52.230209 2.933217
v -32.199413 53.891747 5.419887
v -32.199413 56.378418 7.081428
v -32.199413 59.311646 7.664882
v -32.199413 62.244873 7.081426
v -32.199413 64.731544 5.419885
v -32.199413 66.393082 2.933213
v -32.199413 64.547348 -0.000010
v -32.199413 64.148804 -2.003628
v -32.199413 63.013847 -3.702213
v -32.199413 61.315262 -4.837171
v -32.199413 59.311646 -5.235713
v -32.199413 57.308029 -4.837169
v -32.199413 55.609444 -3.702211
v -32.199413 54.474483 -2.003626
v -32.199413 54.075939 -0.000009
v -32.199413 54.474483 2.003609
v -32.199413 55.609440 3.702194
v -32.199413 57.308025 4.837152
v -32.199413 59.311646 5.235697
v -32.199413 61.315266 4.837151
v -32.199413 63.013851 3.702191
v -32.199413 64.148804 2.003605
v -29.282986 64.547348 -0.000010
v -29.282986 64.148804 -2.003628
v -29.282986 63.013847 -3.702213
v -29.282986 61.315262 -4.837171
v -29.282986 59.311646 -5.235713
v -29.282986 57.308029 -4.837169
v -29.282986 55.609444 -3.702211
v -29.282986 54.474483 -2.003626
v -29.282986 54.075939 -0.000009
v -29.282986 54.474483 2.003608
v -29.282986 55.609440 3.702194
v -29.282986 57.308025 4.837152
v -29.282986 59.311646 5.235697
v -29.282986 61.315262 4.837151
v -29.282986 63.013847 3.702191
v -29.282986 64.148804 2.003605
vt 0.541870 0.765920
vt 0.541885 0.755062
vt 0.551207 0.755093
vt 0.551193 0.765912
vt 0.541944 0.744205
vt 0.551266 0.744272
vt 0.542045 0.733350
vt 0.551367 0.733450
vt 0.542179 0.722499
vt 0.551500 0.722624
vt 0.542338 0.711652
vt 0.551660 0.711795
vt 0.542515 0.700809
vt 0.551836 0.700963
vt 0.542699 0.689969
vt 0.552020 0.690128
vt 0.542886 0.679131
vt 0.552207 0.679291
vt 0.543024 0.852706
vt 0.542821 0.841869
vt 0.552142 0.841695
vt 0.552345 0.852532
vt 0.542620 0.831029
vt 0.551940 0.830861
vt 0.542426 0.820186
vt 0.551748 0.820029
vt 0.542250 0.809340
vt 0.551571 0.809200
vt 0.542098 0.798489
vt 0.551420 0.798375
vt 0.541980 0.787635
vt 0.551302 0.787552
vt 0.541903 0.776778
vt 0.551225 0.776732
vt 0.719523 0.644741
vt 0.708892 0.642626
vt 0.712262 0.634492
vt 0.719523 0.635937
vt 0.699880 0.636604
vt 0.706106 0.630379
vt 0.693859 0.627592
vt 0.701992 0.624223
vt 0.691744 0.616961
vt 0.700548 0.616961
vt 0.693859 0.606331
vt 0.701992 0.609700
vt 0.699880 0.597318
vt 0.706106 0.603544
vt 0.708892 0.591297
vt 0.712262 0.599430
vt 0.719523 0.589182
vt 0.719523 0.597986
vt 0.730154 0.591297
vt 0.726785 0.599430
vt 0.739166 0.597318
vt 0.732941 0.603544
vt 0.745188 0.606331
vt 0.737054 0.609700
vt 0.747303 0.616961
vt 0.738499 0.616961
vt 0.745188 0.627592
vt 0.737054 0.624223
vt 0.739166 0.636604
vt 0.732941 0.630379
vt 0.730154 0.642626
vt 0.726785 0.634492
vt 0.416773 0.598805
vt 0.416545 0.591404
vt 0.427110 0.591081
vt 0.427337 0.598481
vt 0.416318 0.584001
vt 0.426883 0.583683
vt 0.416096 0.576596
vt 0.426661 0.576287
vt 0.415881 0.569188
vt 0.426446 0.568894
vt 0.415679 0.561776
vt 0.426245 0.561503
vt 0.415494 0.554362
vt 0.426061 0.554115
vt 0.415330 0.546944
vt 0.425898 0.546728
vt 0.415189 0.539526
vt 0.425757 0.539342
vt 0.415071 0.532107
vt 0.425640 0.531955
vt 0.414977 0.524689
vt 0.425546 0.524567
vt 0.414903 0.517272
vt 0.425472 0.517177
vt 0.414846 0.509858
vt 0.425416 0.509783
vt 0.414803 0.502446
vt 0.425372 0.502387
vt 0.414767 0.495038
vt 0.425337 0.494988
vt 0.414736 0.487632
vt 0.425305 0.487586
vt 0.414705 0.480228
vt 0.425275 0.480183
s 1
f 287/359 288/360 304/361 303/362
f 288/360 289/363 305/364 304/361
f 289/363 290/365 306/366 305/364
f 290/365 291/367 307/368 306/366
f 291/367 292/369 308/370 307/368
f 292/369 293/371 309/372 308/370
f 293/371 294/373 310/374 309/372
f 294/373 295/375 311/376 310/374
f 295/377 296/378 312/379 311/380
f 296/378 297/381 313/382 312/379
f 297/381 298/383 314/384 313/382
f 298/383 299/385 315/386 314/384
f 299/385 300/387 316/388 315/386
f 300/387 301/389 317/390 316/388
f 301/389 302/391 318/392 317/390
f 302/391 287/359 303/362 318/392
f 303/393 304/394 320/395 319/396
f 304/394 305/397 321/398 320/395
f 305/397 306/399 322/400 321/398
f 306/399 307/401 323/402 322/400
f 307/401 308/403 324/404 323/402
f 308/403 309/405 325/406 324/404
f 309/405 310/407 326/408 325/406
f 310/407 311/409 327/410 326/408
f 311/409 312/411 328/412 327/410
f 312/411 313/413 329/414 328/412
f 313/413 314/415 330/416 329/414
f 314/415 315/417 331/418 330/416
f 315/417 316/419 332/420 331/418
f 316/419 317/421 333/422 332/420
f 317/421 318/423 334/424 333/422
f 318/423 303/393 319/396 334/424
f 319/425 320/426 336/427 335/428
f 320/426 321/429 337/430 336/427
f 321/429 322/431 338/432 337/430
f 322/431 323/433 339/434 338/432
f 323/433 324/435 340/436 339/434
f 324/435 325/437 341/438 340/436
f 325/437 326/439 342/440 341/438
f 326/439 327/441 343/442 342/440
f 327/441 328/443 344/444 343/442
f 328/443 329/445 345/446 344/444
f 329/445 330/447 346/448 345/446
f 330/447 331/449 347/450 346/448
f 331/449 332/451 348/452 347/450
f 332/451 333/453 349/454 348/452
f 333/453 334/455 350/456 349/454
f 334/455 319/457 335/458 350/456
o 12_okno_krugloe_palka_1
v -30.481714 53.505333 0.465063
v -30.481714 53.505333 -0.733445
v -31.000683 53.505333 -0.433818
v -31.000683 53.505333 0.165436
v -30.481714 65.117958 0.465061
v -30.481714 65.117958 -0.733447
v -31.000683 65.117958 -0.433820
v -31.000683 65.117958 0.165434
vt 0.596370 0.230394
vt 0.600273 0.230394
vt 0.600273 0.253812
vt 0.596370 0.253812
vt 0.604176 0.230394
vt 0.604176 0.253812
vt 0.608079 0.230394
vt 0.608079 0.253812
s 1
f 352/459 353/460 357/461 356/462
f 353/460 354/463 358/464 357/461
f 354/463 351/465 355/466 358/464
o 13_okno_krugloe_palka_2
v -30.481714 58.712391 -5.940503
v -30.481714 59.910900 -5.940503
v -31.000683 59.611271 -5.940503
v -31.000683 59.012016 -5.940503
v -30.481716 58.712391 5.672121
v -30.481716 59.910896 5.672121
v -31.000685 59.611271 5.672121
v -31.000685 59.012016 5.672121
vt 0.210332 0.838971
vt 0.214235 0.838971
vt 0.214235 0.862390
vt 0.210332 0.862390
vt 0.218138 0.838971
vt 0.218138 0.862390
vt 0.222041 0.838971
vt 0.222041 0.862390
s 1
f 360/467 361/468 365/469 364/470
f 361/468 362/471 366/472 365/469
f 362/471 359/473 363/474 366/472
o 14_balki_goriz
v -29.274864 42.755722 -26.783840
v -29.274872 42.755737 26.662216
v -29.274864 47.777084 -26.783840
v -29.274872 47.777100 26.662216
v -32.877552 42.755722 -26.783838
v -32.877560 42.755737 26.662218
v -32.877552 47.777084 -26.783838
v -32.877560 47.777100 26.662218
v 29.274864 42.755722 -26.783840
v 29.274872 42.755737 26.662216
v 29.274864 47.777088 -26.783840
v 29.274872 47.777103 26.662216
v 32.877556 42.755722 -26.783838
v 32.877556 42.755737 26.662218
v 32.877556 47.777088 -26.783838
v 32.877556 47.777103 26.662218
v 27.330490 33.223747 -24.765390
v 27.330494 33.223747 24.643774
v 27.330486 36.648102 -24.765390
v 27.330494 36.648102 24.643774
v 30.933174 33.223743 -24.765388
v 30.933182 33.223743 24.643776
v 30.933182 36.648102 -24.765388
v 30.933189 36.648102 24.643776
v -27.330488 33.223740 -24.765388
v -27.330498 33.223740 24.643776
v -27.330490 36.648098 -24.765388
v -27.330498 36.648098 24.643776
v -30.933176 33.223740 -24.765388
v -30.933184 33.223740 24.643776
v -30.933176 36.648098 -24.765388
v -30.933186 36.648098 24.643776
v 27.322155 8.225384 -24.765387
v 27.322163 8.225390 24.643778
v 27.322151 11.649738 -24.765387
v 27.322159 11.649746 24.643778
v 30.924835 8.225380 -24.765385
v 30.924843 8.225388 24.643780
v 30.924835 11.649738 -24.765385
v 30.924850 11.649746 24.643780
vt 0.604885 0.034536
vt 0.798585 0.034536
vt 0.798585 0.052735
vt 0.604885 0.052735
vt 0.604885 0.021479
vt 0.798585 0.021479
vt 0.811642 0.034536
vt 0.811641 0.052735
vt 0.798585 0.065792
vt 0.604885 0.065792
vt 0.591828 0.052735
vt 0.591828 0.034536
vt 0.259722 0.356991
vt 0.259722 0.375190
vt 0.453421 0.375190
vt 0.453421 0.356991
vt 0.259722 0.343934
vt 0.453421 0.343934
vt 0.466478 0.356991
vt 0.466478 0.375190
vt 0.453421 0.388247
vt 0.259722 0.388247
vt 0.246665 0.375190
vt 0.246665 0.356991
vt 0.019584 0.911069
vt 0.019584 0.923480
vt 0.198653 0.923480
vt 0.198653 0.911069
vt 0.019584 0.898012
vt 0.198653 0.898012
vt 0.198653 0.936537
vt 0.019584 0.936537
vt 0.219415 0.965569
vt 0.398484 0.965568
vt 0.398484 0.977979
vt 0.219415 0.977979
vt 0.219415 0.952512
vt 0.398484 0.952512
vt 0.398484 0.991036
vt 0.219415 0.991036
vt 0.198676 0.977979
vt 0.198665 0.965569
vt 0.019596 0.965735
vt 0.019607 0.978146
vt 0.198688 0.991037
vt 0.019619 0.991202
vt 0.019584 0.952678
vt 0.198653 0.952512
s 1
f 371/475 372/476 374/477 373/478
f 367/479 368/480 372/476 371/475
f 368/481 370/482 374/477 372/476
f 370/483 369/484 373/478 374/477
f 369/485 367/486 371/475 373/478
f 379/487 381/488 382/489 380/490
f 375/491 379/487 380/490 376/492
f 376/493 380/490 382/489 378/494
f 378/495 382/489 381/488 377/496
f 377/497 381/488 379/487 375/498
f 387/499 389/500 390/501 388/502
f 383/503 387/499 388/502 384/504
f 386/505 390/501 389/500 385/506
f 395/507 396/508 398/509 397/510
f 391/511 392/512 396/508 395/507
f 394/513 393/514 397/510 398/509
f 403/515 405/516 406/517 404/518
f 399/519 403/515 404/518 400/520
f 402/521 406/517 405/516 401/522
o 15_balki_goriz_2
v -29.730352 33.223743 21.663418
v 29.608732 33.223743 21.663422
v -29.730352 36.648098 21.663422
v 29.608732 36.648098 21.663425
v -29.730354 33.223747 25.266106
v 29.608730 33.223747 25.266109
v -29.730354 36.648106 25.266106
v 29.608730 36.648106 25.266113
v -29.730352 33.223747 -21.663425
v 29.608732 33.223747 -21.663429
v -29.730352 36.648102 -21.663429
v 29.608732 36.648102 -21.663433
v -29.730354 33.223736 -25.266113
v 29.608730 33.223736 -25.266117
v -29.730354 36.648094 -25.266113
v 29.608730 36.648094 -25.266121
v -29.298782 8.254578 -21.663425
v 29.177164 8.254578 -21.663429
v -29.298782 11.678936 -21.663429
v 29.177164 11.678936 -21.663433
v -29.298784 8.254578 -25.266113
v 29.177162 8.254578 -25.266121
v -29.298784 11.678934 -25.266113
v 29.177162 11.678934 -25.266121
v -29.298782 8.254585 21.663422
v 29.177164 8.254585 21.663427
v -29.298782 11.678944 21.663422
v 29.177164 11.678944 21.663429
v -29.298784 8.254585 25.266109
v 29.177162 8.254585 25.266115
v -29.298784 11.678944 25.266109
v 29.177162 11.678944 25.266117
vt 0.596370 0.093577
vt 0.811427 0.093577
vt 0.811427 0.105988
vt 0.596370 0.105988
vt 0.596370 0.080520
vt 0.811427 0.080520
vt 0.811427 0.119045
vt 0.596370 0.119045
vt 0.596370 0.148077
vt 0.596370 0.160487
vt 0.811427 0.160487
vt 0.811427 0.148077
vt 0.596370 0.135020
vt 0.811427 0.135020
vt 0.811427 0.173544
vt 0.596370 0.173544
vt 0.482829 0.370616
vt 0.482829 0.383027
vt 0.694758 0.383027
vt 0.694758 0.370616
vt 0.482829 0.357559
vt 0.694758 0.357559
vt 0.694758 0.396084
vt 0.482829 0.396084
s 1
f 411/523 412/524 414/525 413/526
f 407/527 408/528 412/524 411/523
f 410/529 409/530 413/526 414/525
f 419/531 421/532 422/533 420/534
f 415/535 419/531 420/534 416/536
f 418/537 422/533 421/532 417/538
f 427/539 429/540 430/541 428/542
f 423/543 427/539 428/542 424/544
f 426/545 430/541 429/540 425/546
f 435/539 436/542 438/541 437/540
f 431/543 432/544 436/542 435/539
f 434/545 433/546 437/540 438/541
o 16_dver
v -30.266792 19.694639 6.908072
v -30.266792 22.576145 6.334905
v -30.266792 25.018967 4.702663
v -30.266792 26.651207 2.259842
v -30.266792 27.224375 -0.621664
v -30.266792 26.651207 -3.503169
v -30.266792 25.018967 -5.945990
v -30.266792 22.576145 -7.578231
v -30.266792 19.694639 -8.151398
v -31.810066 15.835011 -0.621660
v -31.792063 19.694639 6.908072
v -31.792063 22.576145 6.334905
v -31.792063 25.018967 4.702663
v -31.792063 26.651207 2.259842
v -31.792063 27.224375 -0.621664
v -31.792063 26.651207 -3.503169
v -31.792063 25.018967 -5.945990
v -31.792063 22.576145 -7.578231
v -31.792063 19.694639 -8.151398
v -30.177965 8.372928 5.691747
v -31.880890 8.372927 5.691746
v -31.880888 8.372926 -6.935063
v -30.177965 8.372926 -6.935062
v -31.812284 14.661820 6.631178
v -30.246571 14.661820 6.631178
v -30.246571 14.661814 -7.874500
v -31.812284 14.661814 -7.874500
v -31.797485 17.172901 6.833843
v -30.261372 17.172901 6.833843
v -30.261372 17.172901 -8.077166
v -31.797483 17.172901 -8.077166
v -31.838438 11.810688 6.273053
v -30.220419 11.810690 6.273053
v -30.220417 11.810686 -7.516374
v -31.838436 11.810686 -7.516374
vt 0.634221 0.332591
vt 0.623771 0.332604
vt 0.623766 0.326250
vt 0.634212 0.326238
vt 0.613322 0.332610
vt 0.613320 0.326256
vt 0.602873 0.332611
vt 0.602874 0.326257
vt 0.592425 0.332609
vt 0.592427 0.326255
vt 0.581978 0.332606
vt 0.581978 0.326253
vt 0.571532 0.332607
vt 0.571530 0.326254
vt 0.561086 0.332613
vt 0.561080 0.326259
vt 0.550640 0.332626
vt 0.550631 0.326272
vt 0.791186 0.792842
vt 0.766448 0.816814
vt 0.764410 0.806567
vt 0.643181 0.326199
vt 0.643194 0.332598
vt 0.817962 0.806567
vt 0.817698 0.797600
vt 0.764674 0.797600
vt 0.541670 0.332664
vt 0.541658 0.326265
vt 0.652138 0.326116
vt 0.662355 0.325980
vt 0.662374 0.332719
vt 0.652154 0.332638
vt 0.815704 0.778531
vt 0.816978 0.788670
vt 0.765395 0.788670
vt 0.766668 0.778531
vt 0.532713 0.332746
vt 0.522496 0.332881
vt 0.522478 0.326141
vt 0.532698 0.326224
vt 0.674753 0.325768
vt 0.674773 0.332862
vt 0.813637 0.766305
vt 0.768735 0.766305
vt 0.510098 0.333091
vt 0.510079 0.325998
vt 0.815924 0.816814
vt 0.810120 0.825501
vt 0.801433 0.831305
vt 0.791186 0.833343
vt 0.780939 0.831305
vt 0.772253 0.825501
s 1
f 439/547 440/548 450/549 449/550
f 440/548 441/551 451/552 450/549
f 441/551 442/553 452/554 451/552
f 442/553 443/555 453/556 452/554
f 443/555 444/557 454/558 453/556
f 444/557 445/559 455/560 454/558
f 445/559 446/561 456/562 455/560
f 446/561 447/563 457/564 456/562
f 448/565 456/566 457/567
f 439/547 449/550 466/568 467/569
f 449/570 448/565 466/571
f 448/565 457/567 469/572
f 457/564 447/563 468/573 469/574
f 462/575 470/576 471/577 463/578
f 448/565 470/579 462/580
f 465/581 473/582 448/565
f 464/583 472/584 473/585 465/586
f 466/568 462/575 463/578 467/569
f 448/565 462/580 466/571
f 469/572 465/581 448/565
f 468/573 464/583 465/586 469/574
f 470/576 459/587 458/588 471/577
f 448/565 459/589 470/579
f 460/590 459/589 448/565
f 472/584 461/591 460/592 473/585
f 448/565 449/570 450/593
f 448/565 450/593 451/594
f 448/565 451/594 452/595
f 448/565 452/595 453/596
f 448/565 453/596 454/597
f 448/565 454/597 455/598
f 448/565 455/598 456/566
f 448/565 473/582 460/590
o 17_dver_proem
v -29.402054 19.914459 9.218652
v -29.402054 23.503256 8.476532
v -31.514521 23.503256 8.476532
v -31.514521 19.914459 9.218652
v -29.402054 26.698118 6.341793
v -31.514521 26.698118 6.341793
v -29.402054 28.832855 3.146933
v -31.514521 28.832855 3.146933
v -29.402052 29.582476 -0.621663
v -31.514521 29.582476 -0.621663
v -29.402052 28.832855 -4.390258
v -31.514519 28.832855 -4.390259
v -29.402052 26.698116 -7.585119
v -31.514519 26.698116 -7.585118
v -29.402050 23.503258 -9.719856
v -31.514519 23.503258 -9.719856
v -29.402050 19.914461 -10.461977
v -31.514519 19.914461 -10.461977
v -31.522030 17.040876 9.147083
v -29.394545 17.040876 9.147083
v -29.394543 17.040876 -10.390407
v -31.522026 17.040876 -10.390407
v -31.542526 14.373891 8.931998
v -31.578749 11.369320 8.554629
v -29.337826 11.369321 8.554629
v -29.374048 14.373891 8.931998
v -29.374044 14.373886 -10.175321
v -29.337822 11.369316 -9.797952
v -31.578745 11.369316 -9.797952
v -31.542524 14.373886 -10.175321
v -31.637543 7.813973 7.953927
v -29.279030 7.813973 7.953927
v -29.279028 7.813972 -9.197249
v -31.637539 7.813972 -9.197249
v -29.402054 19.734661 7.067017
v -29.402054 22.676991 6.481750
v -31.514521 22.676991 6.481749
v -31.514521 19.734661 7.067017
v -29.402054 25.171377 4.815054
v -31.514521 25.171377 4.815053
v -29.402052 26.838074 2.320667
v -31.514521 26.838074 2.320667
v -29.402052 27.423340 -0.621663
v -31.514519 27.423340 -0.621663
v -29.402052 26.838074 -3.563993
v -31.514519 26.838074 -3.563993
v -29.402052 25.171377 -6.058378
v -31.514519 25.171377 -6.058379
v -29.402050 22.676991 -7.725074
v -31.514519 22.676991 -7.725075
v -29.402050 19.734661 -8.310340
v -31.514519 19.734661 -8.310341
v -31.522030 17.159693 6.991218
v -29.394545 17.159693 6.991218
v -29.394543 17.159693 -8.234541
v -31.522026 17.159693 -8.234542
v -31.542526 14.595605 6.784275
v -31.578749 11.684292 6.418590
v -29.337826 11.684293 6.418590
v -29.374046 14.595605 6.784276
v -29.374044 14.595600 -8.027598
v -29.337824 11.684288 -7.661913
v -31.578745 11.684288 -7.661913
v -31.542524 14.595600 -8.027598
v -31.637543 8.173962 5.825012
v -29.279030 8.173963 5.825013
v -29.279028 8.173962 -7.068331
v -31.637541 8.173962 -7.068335
vt 0.866032 0.424753
vt 0.861439 0.438244
vt 0.855128 0.435468
vt 0.859371 0.422876
vt 0.854183 0.451389
vt 0.848450 0.447518
vt 0.844668 0.462965
vt 0.839718 0.458122
vt 0.833284 0.472633
vt 0.829256 0.466995
vt 0.820443 0.480166
vt 0.817434 0.473921
vt 0.806564 0.485417
vt 0.804631 0.478760
vt 0.792072 0.488315
vt 0.791205 0.481458
vt 0.778149 0.488982
vt 0.778035 0.482054
vt 0.861646 0.412525
vt 0.868504 0.413972
vt 0.767463 0.488775
vt 0.767549 0.481774
vt 0.865408 0.391416
vt 0.872653 0.392639
vt 0.870522 0.403974
vt 0.863522 0.402672
vt 0.746254 0.488937
vt 0.746311 0.481592
vt 0.757631 0.481669
vt 0.757586 0.488812
vt 0.867385 0.377901
vt 0.875037 0.379132
vt 0.732619 0.489139
vt 0.732685 0.481417
vt 0.847579 0.432276
vt 0.841216 0.429486
vt 0.844739 0.419029
vt 0.851418 0.420879
vt 0.841644 0.442952
vt 0.835909 0.439073
vt 0.833844 0.452402
vt 0.828900 0.447554
vt 0.824474 0.460332
vt 0.820453 0.454689
vt 0.813857 0.466537
vt 0.810854 0.460288
vt 0.802334 0.470884
vt 0.800406 0.464218
vt 0.790261 0.473306
vt 0.789399 0.466392
vt 0.778122 0.473847
vt 0.778029 0.466895
vt 0.846771 0.409640
vt 0.853584 0.411007
vt 0.767885 0.473574
vt 0.768036 0.466609
vt 0.848429 0.400088
vt 0.850016 0.389122
vt 0.857298 0.390176
vt 0.855440 0.401268
vt 0.757864 0.473415
vt 0.746549 0.473393
vt 0.746609 0.466035
vt 0.757967 0.466273
vt 0.851623 0.375726
vt 0.859272 0.376750
vt 0.732954 0.473371
vt 0.733021 0.465774
s 1
f 474/599 475/600 476/601 477/602
f 475/600 478/603 479/604 476/601
f 478/603 480/605 481/606 479/604
f 480/605 482/607 483/608 481/606
f 482/607 484/609 485/610 483/608
f 484/609 486/611 487/612 485/610
f 486/611 488/613 489/614 487/612
f 488/613 490/615 491/616 489/614
f 477/602 492/617 493/618 474/599
f 490/615 494/619 495/620 491/616
f 497/621 498/622 499/623 496/624
f 501/625 502/626 503/627 500/628
f 496/624 499/623 493/618 492/617
f 500/628 503/627 495/620 494/619
f 504/629 505/630 498/622 497/621
f 506/631 507/632 502/626 501/625
f 510/633 509/634 508/635 511/636
f 513/637 512/638 509/634 510/633
f 515/639 514/640 512/638 513/637
f 517/641 516/642 514/640 515/639
f 519/643 518/644 516/642 517/641
f 521/645 520/646 518/644 519/643
f 523/647 522/648 520/646 521/645
f 525/649 524/650 522/648 523/647
f 527/651 526/652 511/636 508/635
f 529/653 528/654 524/650 525/649
f 533/655 532/656 531/657 530/658
f 537/659 536/660 535/661 534/662
f 527/651 533/655 530/658 526/652
f 529/653 537/659 534/662 528/654
f 532/656 539/663 538/664 531/657
f 536/660 541/665 540/666 535/661
f 477/602 476/601 510/633 511/636
f 476/601 479/604 513/637 510/633
f 479/604 481/606 515/639 513/637
f 481/606 483/608 517/641 515/639
f 483/608 485/610 519/643 517/641
f 485/610 487/612 521/645 519/643
f 487/612 489/614 523/647 521/645
f 489/614 491/616 525/649 523/647
f 492/617 477/602 511/636 526/652
f 491/616 495/620 529/653 525/649
f 497/621 496/624 530/658 531/657
f 503/627 502/626 536/660 537/659
f 496/624 492/617 526/652 530/658
f 495/620 503/627 537/659 529/653
f 504/629 497/621 531/657 538/664
f 502/626 507/632 541/665 536/660
o 17_rama_okno_goriz
v -19.099669 28.538790 24.429144
v -3.082320 28.538790 24.429144
v -19.322515 30.503845 24.429144
v -2.973407 31.364676 24.429144
v -19.099669 28.538786 26.093565
v -3.082320 28.538786 26.093565
v -19.322515 30.503843 26.093565
v -2.973407 31.364676 26.093567
v -18.771269 31.130426 24.429144
v -18.771269 31.130426 26.093567
v -19.099669 14.327168 24.429146
v -3.082320 14.327168 24.429146
v -19.099669 15.484627 24.429146
v -3.082320 15.484627 24.429146
v -19.099669 14.327166 26.997057
v -3.082320 14.327166 26.997057
v -19.099669 15.484625 26.997057
v -3.082320 15.484625 26.997057
v 19.099669 28.538786 24.429148
v 3.082319 28.538786 24.429148
v 19.322515 30.503841 24.429148
v 2.973406 31.364672 24.429148
v 19.099669 28.538782 26.093569
v 3.082319 28.538782 26.093569
v 19.322515 30.503839 26.093571
v 2.973406 31.364672 26.093571
v 18.771269 31.130423 24.429148
v 18.771269 31.130423 26.093571
v 19.099669 14.327165 24.429148
v 3.082319 14.327165 24.429148
v 19.099669 15.484623 24.429148
v 3.082319 15.484623 24.429148
v 19.099669 14.327162 26.997059
v 3.082319 14.327162 26.997059
v 19.099669 15.484621 26.997059
v 3.082319 15.484621 26.997059
v 19.099669 28.538782 -24.429148
v 3.082323 28.538782 -24.429148
v 19.322515 30.503838 -24.429148
v 2.973410 31.364668 -24.429148
v 19.099669 28.538780 -26.093569
v 3.082323 28.538780 -26.093569
v 19.322515 30.503838 -26.093569
v 2.973410 31.364668 -26.093573
v 18.771269 31.130419 -24.429148
v 18.771269 31.130419 -26.093569
v 19.099669 14.327161 -24.429152
v 3.082323 14.327161 -24.429152
v 19.099669 15.484619 -24.429152
v 3.082323 15.484619 -24.429152
v 19.099669 14.327158 -26.997065
v 3.082323 14.327158 -26.997065
v 19.099669 15.484617 -26.997061
v 3.082323 15.484617 -26.997065
v -19.099667 28.538778 -24.429155
v -3.082318 28.538778 -24.429155
v -19.322514 30.503834 -24.429155
v -2.973405 31.364664 -24.429155
v -19.099667 28.538774 -26.093576
v -3.082318 28.538774 -26.093576
v -19.322514 30.503834 -26.093580
v -2.973405 31.364664 -26.093576
v -18.771267 31.130415 -24.429155
v -18.771267 31.130415 -26.093580
v -19.099667 14.327157 -24.429159
v -3.082318 14.327157 -24.429159
v -19.099667 15.484615 -24.429159
v -3.082318 15.484615 -24.429159
v -19.099667 14.327154 -26.997072
v -3.082318 14.327154 -26.997068
v -19.099667 15.484613 -26.997072
v -3.082318 15.484613 -26.997068
vt 0.225587 0.890417
vt 0.283678 0.890417
vt 0.284015 0.900653
vt 0.226599 0.899940
vt 0.225416 0.897402
vt 0.225624 0.884387
vt 0.283642 0.884388
vt 0.289704 0.890218
vt 0.290040 0.900456
vt 0.283845 0.906680
vt 0.226619 0.905970
vt 0.219693 0.897918
vt 0.219415 0.890583
vt 0.220273 0.901073
vt 0.737626 0.417066
vt 0.801545 0.417066
vt 0.801545 0.427372
vt 0.737626 0.427372
vt 0.737626 0.412059
vt 0.801545 0.412059
vt 0.806553 0.417066
vt 0.806553 0.427372
vt 0.801545 0.432380
vt 0.737626 0.432380
vt 0.732619 0.427372
vt 0.732619 0.417066
vt 0.334586 0.577045
vt 0.334415 0.584030
vt 0.335598 0.586568
vt 0.393013 0.587281
vt 0.392677 0.577045
vt 0.334623 0.571016
vt 0.392641 0.571016
vt 0.398703 0.576846
vt 0.399039 0.587084
vt 0.392844 0.593308
vt 0.335618 0.592598
vt 0.328692 0.584546
vt 0.328414 0.577211
vt 0.329272 0.587701
vt 0.733085 0.330775
vt 0.733085 0.341081
vt 0.797004 0.341081
vt 0.797004 0.330775
vt 0.733085 0.325768
vt 0.797004 0.325768
vt 0.802011 0.330775
vt 0.802011 0.341081
vt 0.797004 0.346089
vt 0.733085 0.346089
vt 0.728077 0.341081
vt 0.728077 0.330775
s 1
f 546/667 547/668 549/669 551/670 548/671
f 542/672 543/673 547/668 546/667
f 543/674 545/675 549/669 547/668
f 545/676 550/677 551/670 549/669
f 544/678 542/679 546/667 548/671
f 550/680 544/678 548/671 551/670
f 556/681 557/682 559/683 558/684
f 552/685 553/686 557/682 556/681
f 553/687 555/688 559/683 557/682
f 555/689 554/690 558/684 559/683
f 554/691 552/692 556/681 558/684
f 564/693 566/694 569/695 567/696 565/697
f 560/698 564/693 565/697 561/699
f 561/700 565/697 567/696 563/701
f 563/702 567/696 569/695 568/703
f 562/704 566/694 564/693 560/705
f 568/706 569/695 566/694 562/704
f 574/707 576/708 577/709 575/710
f 570/711 574/707 575/710 571/712
f 571/713 575/710 577/709 573/714
f 573/715 577/709 576/708 572/716
f 572/717 576/708 574/707 570/718
f 582/693 583/697 585/696 587/695 584/694
f 578/698 579/699 583/697 582/693
f 579/700 581/701 585/696 583/697
f 581/702 586/703 587/695 585/696
f 580/704 578/705 582/693 584/694
f 586/706 580/704 584/694 587/695
f 592/707 593/710 595/709 594/708
f 588/711 589/712 593/710 592/707
f 589/713 591/714 595/709 593/710
f 591/715 590/716 594/708 595/709
f 590/717 588/718 592/707 594/708
f 600/667 602/671 605/670 603/669 601/668
f 596/672 600/667 601/668 597/673
f 597/674 601/668 603/669 599/675
f 599/676 603/669 605/670 604/677
f 598/678 602/671 600/667 596/679
f 604/680 605/670 602/671 598/678
f 610/681 612/684 613/683 611/682
f 606/685 610/681 611/682 607/686
f 607/687 611/682 613/683 609/688
f 609/689 613/683 612/684 608/690
f 608/691 612/684 610/681 606/692
o 18_rama_okno_vertik
v -18.456810 30.496498 24.429142
v -18.456806 14.479147 24.429142
v -15.874384 30.496494 24.429142
v -15.874382 14.479147 24.429142
v -18.456812 30.496498 25.684034
v -18.456808 14.479147 25.684034
v -15.874386 30.496494 25.684036
v -15.874384 14.479147 25.684036
v -6.293702 30.496494 24.429142
v -6.293700 14.479146 24.429142
v -3.711276 30.496490 24.429144
v -3.711274 14.479147 24.429144
v -6.293705 30.496494 25.684036
v -6.293702 14.479146 25.684036
v -3.711279 30.496490 25.684036
v -3.711278 14.479147 25.684036
v 6.293694 30.496496 24.429146
v 6.293690 14.479147 24.429146
v 3.711266 30.496490 24.429146
v 3.711266 14.479148 24.429146
v 6.293695 30.496496 25.684038
v 6.293694 14.479147 25.684038
v 3.711269 30.496490 25.684038
v 3.711269 14.479148 25.684038
v 18.456797 30.496498 24.429146
v 18.456797 14.479148 24.429146
v 15.874372 30.496494 24.429146
v 15.874372 14.479147 24.429146
v 18.456800 30.496498 25.684040
v 18.456797 14.479148 25.684040
v 15.874372 30.496494 25.684040
v 15.874372 14.479147 25.684040
v 18.456812 30.496490 -24.429146
v 18.456812 14.479138 -24.429146
v 15.874388 30.496485 -24.429146
v 15.874388 14.479137 -24.429146
v 18.456816 30.496490 -25.684040
v 18.456812 14.479138 -25.684036
v 15.874388 30.496485 -25.684040
v 15.874388 14.479137 -25.684040
v 6.293705 30.496487 -24.429150
v 6.293701 14.479137 -24.429150
v 3.711277 30.496481 -24.429150
v 3.711277 14.479138 -24.429150
v 6.293707 30.496487 -25.684044
v 6.293705 14.479137 -25.684040
v 3.711281 30.496481 -25.684044
v 3.711281 14.479138 -25.684044
v -6.293701 30.496487 -24.429153
v -6.293699 14.479138 -24.429153
v -3.711274 30.496483 -24.429153
v -3.711274 14.479138 -24.429153
v -6.293703 30.496487 -25.684048
v -6.293701 14.479138 -25.684048
v -3.711277 30.496483 -25.684048
v -3.711277 14.479138 -25.684048
v -18.456808 30.496492 -24.429150
v -18.456808 14.479141 -24.429150
v -15.874383 30.496487 -24.429150
v -15.874383 14.479140 -24.429150
v -18.456810 30.496492 -25.684044
v -18.456808 14.479141 -25.684044
v -15.874385 30.496487 -25.684044
v -15.874385 14.479140 -25.684044
vt 0.805291 0.992396
vt 0.805291 0.934345
vt 0.814650 0.934345
vt 0.814650 0.992396
vt 0.800743 0.992396
vt 0.800743 0.934345
vt 0.819198 0.934345
vt 0.819198 0.992396
vt 0.877957 0.992396
vt 0.877957 0.934345
vt 0.887316 0.934345
vt 0.887316 0.992396
vt 0.873409 0.992396
vt 0.873409 0.934345
vt 0.891864 0.934345
vt 0.891864 0.992396
vt 0.732625 0.565483
vt 0.741984 0.565483
vt 0.741984 0.507433
vt 0.732625 0.507433
vt 0.728077 0.565483
vt 0.728077 0.507433
vt 0.746532 0.507433
vt 0.746532 0.565483
vt 0.841624 0.992396
vt 0.850983 0.992396
vt 0.850983 0.934345
vt 0.841624 0.934345
vt 0.837076 0.992396
vt 0.837076 0.934345
vt 0.855531 0.934345
vt 0.855531 0.992396
s 1
f 618/719 619/720 621/721 620/722
f 614/723 615/724 619/720 618/719
f 617/725 616/726 620/722 621/721
f 626/727 627/728 629/729 628/730
f 622/731 623/732 627/728 626/727
f 625/733 624/734 628/730 629/729
f 634/735 636/736 637/737 635/738
f 630/739 634/735 635/738 631/740
f 633/741 637/737 636/736 632/742
f 642/743 644/744 645/745 643/746
f 638/747 642/743 643/746 639/748
f 641/749 645/745 644/744 640/750
f 650/743 651/746 653/745 652/744
f 646/747 647/748 651/746 650/743
f 649/749 648/750 652/744 653/745
f 658/735 659/738 661/737 660/736
f 654/739 655/740 659/738 658/735
f 657/741 656/742 660/736 661/737
f 666/727 668/730 669/729 667/728
f 662/731 666/727 667/728 663/732
f 665/733 669/729 668/730 664/734
f 674/719 676/722 677/721 675/720
f 670/723 674/719 675/720 671/724
f 673/725 677/721 676/722 672/726
o 19_okno_perekladina_vertik
v -10.497927 14.265280 24.531500
v -11.696435 14.265280 24.531500
v -11.396808 14.265280 25.050470
v -10.797554 14.265280 25.050470
v -10.497927 30.160522 24.531500
v -11.696435 30.160522 24.531500
v -11.396808 30.160522 25.050470
v -10.797554 30.160522 25.050470
v 10.497927 14.265281 24.531500
v 11.696434 14.265281 24.531500
v 11.396809 14.265281 25.050470
v 10.797554 14.265281 25.050470
v 10.497927 30.160522 24.531500
v 11.696434 30.160522 24.531500
v 11.396809 30.160522 25.050468
v 10.797554 30.160522 25.050468
v 10.497929 14.265272 -24.531504
v 11.696436 14.265272 -24.531504
v 11.396811 14.265272 -25.050474
v 10.797556 14.265272 -25.050474
v 10.497929 30.160515 -24.531504
v 11.696436 30.160515 -24.531504
v 11.396811 30.160515 -25.050474
v 10.797556 30.160515 -25.050474
v -10.497924 14.265273 -24.531511
v -11.696432 14.265273 -24.531511
v -11.396805 14.265273 -25.050482
v -10.797551 14.265273 -25.050482
v -10.497924 30.160515 -24.531511
v -11.696432 30.160515 -24.531511
v -11.396805 30.160515 -25.050482
v -10.797551 30.160515 -25.050482
vt 0.687568 0.503616
vt 0.688898 0.503616
vt 0.688898 0.574171
vt 0.687568 0.574171
vt 0.691558 0.503616
vt 0.691558 0.574171
vt 0.692888 0.503616
vt 0.692888 0.574171
vt 0.687568 0.412783
vt 0.687568 0.483339
vt 0.688898 0.483339
vt 0.688898 0.412783
vt 0.691558 0.483339
vt 0.691558 0.412783
vt 0.692888 0.483339
vt 0.692888 0.412783
s 1
f 679/751 680/752 684/753 683/754
f 680/752 681/755 685/756 684/753
f 681/755 678/757 682/758 685/756
f 687/759 691/760 692/761 688/762
f 688/762 692/761 693/763 689/764
f 689/764 693/763 690/765 686/766
f 695/759 696/762 700/761 699/760
f 696/762 697/764 701/763 700/761
f 697/764 694/766 698/765 701/763
f 703/751 707/754 708/753 704/752
f 704/752 708/753 709/756 705/755
f 705/755 709/756 706/758 702/757
o 20_okno_perekladina_goriz
v 17.405111 22.089216 -24.531513
v 17.405111 23.287725 -24.531513
v 17.405113 22.988098 -25.050482
v 17.405111 22.388844 -25.050482
v 4.520884 22.089216 -24.531513
v 4.520882 23.287725 -24.531513
v 4.520884 22.988098 -25.050484
v 4.520884 22.388844 -25.050484
v -17.405106 22.089231 -24.531509
v -17.405106 23.287739 -24.531509
v -17.405106 22.988113 -25.050478
v -17.405106 22.388859 -25.050478
v -4.520876 22.089228 -24.531509
v -4.520874 23.287735 -24.531509
v -4.520876 22.988110 -25.050478
v -4.520876 22.388855 -25.050478
v -17.405117 22.089226 24.531507
v -17.405117 23.287735 24.531507
v -17.405117 22.988108 25.050474
v -17.405117 22.388853 25.050474
v -4.520887 22.089230 24.531507
v -4.520885 23.287739 24.531507
v -4.520887 22.988111 25.050474
v -4.520887 22.388857 25.050474
v 17.405111 22.089239 24.531492
v 17.405109 23.287748 24.531492
v 17.405111 22.988121 25.050463
v 17.405111 22.388866 25.050463
v 4.520881 22.089239 24.531496
v 4.520879 23.287748 24.531496
v 4.520881 22.988121 25.050467
v 4.520881 22.388866 25.050467
vt 0.310248 0.903332
vt 0.310248 0.902002
vt 0.367438 0.902002
vt 0.367438 0.903332
vt 0.310248 0.899342
vt 0.367438 0.899342
vt 0.310248 0.898012
vt 0.367438 0.898012
vt 0.242123 0.803417
vt 0.299313 0.803417
vt 0.299313 0.802087
vt 0.242123 0.802087
vt 0.299313 0.799427
vt 0.242123 0.799427
vt 0.299313 0.798097
vt 0.242123 0.798097
s 1
f 711/767 712/768 716/769 715/770
f 712/768 713/771 717/772 716/769
f 713/771 710/773 714/774 717/772
f 719/775 723/776 724/777 720/778
f 720/778 724/777 725/779 721/780
f 721/780 725/779 722/781 718/782
f 727/775 728/778 732/777 731/776
f 728/778 729/780 733/779 732/777
f 729/780 726/782 730/781 733/779
f 735/767 739/770 740/769 736/768
f 736/768 740/769 741/772 737/771
f 737/771 741/772 738/774 734/773
o 21_fonar
v -47.417583 40.075588 2.695296
v -42.026978 40.075588 2.695296
v -47.417583 40.075588 -2.695310
v -42.026978 40.075588 -2.695310
v -47.868160 44.978374 3.145870
v -41.576405 44.978374 3.145870
v -47.868160 44.978374 -3.145884
v -41.576405 44.978374 -3.145884
v -44.722282 49.894447 -0.000008
v -47.604321 38.967327 2.882032
v -48.333057 44.978374 3.610770
v -41.111504 44.978374 3.610770
v -41.111504 44.978374 -3.610784
v -48.333057 44.978374 -3.610784
v -41.090446 45.913967 3.631830
v -48.354118 45.913967 3.631830
v -48.354118 45.913967 -3.631845
v -41.090446 45.913967 -3.631845
v -47.815899 40.075588 3.093610
v -47.815899 40.075588 -3.093623
v -41.628666 40.075588 -3.093623
v -41.628666 40.075588 3.093610
v -47.604321 38.967327 -2.882045
v -41.840244 38.967327 2.882032
v -41.840244 38.967327 -2.882045
vt 0.774105 0.387238
vt 0.746301 0.391376
vt 0.740198 0.366328
vt 0.772649 0.361498
vt 0.719711 0.400492
vt 0.709162 0.376968
vt 0.829646 0.394275
vt 0.802197 0.388215
vt 0.805438 0.362639
vt 0.837476 0.369712
vt 0.563369 0.274845
vt 0.589889 0.274845
vt 0.589966 0.278281
vt 0.563292 0.278281
vt 0.616381 0.273652
vt 0.616613 0.277082
vt 0.510465 0.271268
vt 0.536877 0.273652
vt 0.536645 0.277082
vt 0.510079 0.274684
vt 0.603935 0.311001
vt 0.581214 0.311001
vt 0.581991 0.306858
vt 0.603158 0.306858
vt 0.560037 0.302769
vt 0.562262 0.299189
vt 0.641869 0.287424
vt 0.625113 0.302769
vt 0.622888 0.299189
vt 0.638498 0.284893
vt 0.632602 0.901687
vt 0.632724 0.866567
vt 0.635328 0.863981
vt 0.635187 0.904290
vt 0.597605 0.866444
vt 0.595019 0.863840
vt 0.597483 0.901564
vt 0.594879 0.904150
vt 0.781659 0.288518
vt 0.781659 0.266727
vt 0.803450 0.288518
vt 0.759868 0.288518
vt 0.781659 0.310308
vt 0.696238 0.896370
vt 0.696441 0.866281
vt 0.698679 0.864073
vt 0.698447 0.898608
vt 0.666353 0.866078
vt 0.664144 0.863840
vt 0.666149 0.896167
vt 0.663911 0.898376
vt 0.909756 0.991859
vt 0.930909 0.970678
vt 0.930923 0.991845
vt 0.909742 0.970692
s 1
f 742/783 743/784 747/785 746/786
f 743/784 745/787 749/788 747/785
f 745/789 744/790 748/791 749/792
f 744/790 742/783 746/786 748/791
f 752/793 753/794 756/795 757/796
f 753/794 754/797 759/798 756/795
f 754/799 755/800 758/801 759/802
f 755/800 752/793 757/796 758/801
f 760/803 761/804 764/805 751/806
f 761/804 762/807 766/808 764/805
f 762/809 763/810 765/811 766/812
f 763/810 760/803 751/806 765/811
f 746/813 747/814 753/815 752/816
f 747/814 749/817 754/818 753/815
f 749/817 748/819 755/820 754/818
f 748/819 746/813 752/816 755/820
f 750/821 757/822 756/823
f 750/821 758/824 757/822
f 750/821 759/825 758/824
f 750/821 756/823 759/825
f 742/826 744/827 761/828 760/829
f 744/827 745/830 762/831 761/828
f 745/830 743/832 763/833 762/831
f 743/832 742/826 760/829 763/833
f 751/834 766/835 765/836
f 751/834 764/837 766/835
o 22_fonar_perekladini
v -47.483967 39.618259 -2.763866
v -47.046814 39.618259 -2.763866
v -47.483967 39.618259 -2.326713
v -47.046814 39.618259 -2.326713
v -48.045597 45.376343 -3.325938
v -47.519543 45.376343 -3.325938
v -48.045597 45.376343 -2.799883
v -47.519543 45.376343 -2.799883
v -41.960598 39.618259 -2.763866
v -42.397751 39.618259 -2.763866
v -41.960598 39.618259 -2.326713
v -42.397751 39.618259 -2.326713
v -41.398968 45.376343 -3.325938
v -41.925022 45.376343 -3.325938
v -41.398968 45.376343 -2.799883
v -41.925022 45.376343 -2.799883
v -47.483967 39.618259 2.763854
v -47.046814 39.618259 2.763854
v -47.483967 39.618259 2.326701
v -47.046814 39.618259 2.326701
v -48.045597 45.376343 3.325927
v -47.519543 45.376343 3.325927
v -48.045597 45.376343 2.799871
v -47.519543 45.376343 2.799871
v -41.960598 39.618259 2.763854
v -42.397751 39.618259 2.763854
v -41.960598 39.618259 2.326701
v -42.397751 39.618259 2.326701
v -41.398968 45.376343 3.325927
v -41.925022 45.376343 3.325927
v -41.398968 45.376343 2.799871
v -41.925022 45.376343 2.799871
vt 0.866218 0.483054
vt 0.868120 0.483054
vt 0.868322 0.462017
vt 0.866741 0.462017
vt 0.870020 0.483054
vt 0.869900 0.462017
vt 0.871921 0.483054
vt 0.871480 0.462017
vt 0.864326 0.483054
vt 0.865168 0.462017
vt 0.852327 0.473976
vt 0.852125 0.495013
vt 0.850223 0.495013
vt 0.850746 0.473976
vt 0.853905 0.473976
vt 0.854025 0.495013
vt 0.855485 0.473976
vt 0.855926 0.495013
vt 0.848331 0.495013
vt 0.849173 0.473976
s 1
f 771/838 772/839 768/840 767/841
f 772/839 774/842 770/843 768/840
f 774/842 773/844 769/845 770/843
f 773/846 771/838 767/841 769/847
f 776/848 780/849 779/850 775/851
f 778/852 782/853 780/849 776/848
f 777/854 781/855 782/853 778/852
f 775/851 779/850 781/856 777/857
f 784/840 788/839 787/838 783/841
f 786/843 790/842 788/839 784/840
f 785/845 789/844 790/842 786/843
f 783/841 787/838 789/846 785/847
f 795/850 796/849 792/848 791/851
f 796/849 798/853 794/852 792/848
f 798/853 797/855 793/854 794/852
f 797/856 795/850 791/851 793/857
o 23_fonar_sfera
v -44.722282 50.865398 -0.000008
v -43.733105 49.876221 -0.000008
v -44.722282 49.876221 -0.989187
v -45.711460 49.876221 -0.000008
v -44.722282 49.876221 0.989171
v -44.722282 48.887043 -0.000008
v -44.022827 50.575676 -0.000008
v -44.722282 50.575676 -0.699463
v -45.421738 50.575676 -0.000008
v -44.722282 50.575676 0.699447
v -44.022827 49.176765 -0.000008
v -44.722282 49.176765 -0.699463
v -45.421738 49.176765 -0.000008
v -44.722282 49.176765 0.699447
v -44.022827 49.876221 -0.699463
v -45.421738 49.876221 -0.699463
v -45.421738 49.876221 0.699447
v -44.022827 49.876221 0.699447
vt 0.685958 0.822803
vt 0.682607 0.819453
vt 0.689308 0.819453
vt 0.679199 0.816045
vt 0.685958 0.813065
vt 0.692716 0.816044
vt 0.689308 0.826154
vt 0.695696 0.822803
vt 0.692716 0.829561
vt 0.682607 0.826154
vt 0.685958 0.832541
vt 0.679199 0.829562
vt 0.676220 0.822803
vt 0.662278 0.842627
vt 0.661502 0.837953
vt 0.666952 0.841850
vt 0.660712 0.833198
vt 0.667942 0.834706
vt 0.671707 0.841061
vt 0.657604 0.843403
vt 0.652849 0.844193
vt 0.654357 0.836962
vt 0.663054 0.847301
vt 0.663844 0.852056
vt 0.656613 0.850548
vt 0.670199 0.848291
s 1
f 799/858 805/859 806/860
f 805/859 800/861 813/862
f 805/859 813/862 806/860
f 806/860 813/862 801/863
f 799/858 806/860 807/864
f 806/860 801/863 814/865
f 806/860 814/865 807/864
f 807/864 814/865 802/866
f 799/858 807/864 808/867
f 807/864 802/866 815/868
f 807/864 815/868 808/867
f 808/867 815/868 803/869
f 799/858 808/867 805/859
f 808/867 803/869 816/870
f 808/867 816/870 805/859
f 805/859 816/870 800/861
f 804/871 810/872 809/873
f 810/872 801/874 813/875
f 810/872 813/875 809/873
f 809/873 813/875 800/876
f 804/871 811/877 810/872
f 811/877 802/878 814/879
f 811/877 814/879 810/872
f 810/872 814/879 801/874
f 804/871 812/880 811/877
f 812/880 803/881 815/882
f 812/880 815/882 811/877
f 811/877 815/882 802/878
f 804/871 809/873 812/880
f 809/873 800/876 816/883
f 809/873 816/883 812/880
f 812/880 816/883 803/881
o 24_cep
v -43.208214 58.851894 -0.000008
v -43.601444 58.610794 0.393224
v -43.994675 58.369698 -0.000008
v -43.601444 58.610794 -0.393240
v -44.718681 59.620625 -0.000010
v -44.719177 59.179646 0.393224
v -44.719669 58.738670 -0.000008
v -44.719177 59.179646 -0.393240
v -46.236351 58.852501 -0.000008
v -45.843121 58.610794 0.393224
v -45.449890 58.369091 -0.000008
v -45.843121 58.610794 -0.393240
v -46.236351 56.305370 -0.000008
v -45.843121 56.551434 0.393224
v -45.449890 56.797497 -0.000008
v -45.843121 56.551434 -0.393240
v -44.725830 55.570995 -0.000008
v -44.725357 56.008011 0.393224
v -44.724888 56.445023 -0.000008
v -44.725357 56.008011 -0.393240
v -43.208214 56.304779 -0.000008
v -43.601444 56.551434 0.393224
v -43.994678 56.798088 -0.000008
v -43.601444 56.551434 -0.393240
v -44.722282 56.373032 -1.514078
v -44.722282 57.141762 -0.003607
v -44.329052 56.700783 -0.003114
v -44.329052 56.131931 -1.120846
v -44.722282 56.259804 -0.002620
v -44.722282 55.890831 -0.727614
v -45.115513 56.700783 -0.003114
v -45.115513 56.131931 -1.120846
v -44.722282 56.373638 1.514061
v -44.329052 56.131931 1.120830
v -44.722282 55.890228 0.727598
v -45.115513 56.131931 1.120830
v -44.722282 53.826508 1.514061
v -44.329052 54.072571 1.120830
v -44.722282 54.318634 0.727598
v -45.115513 54.072571 1.120830
v -44.722282 53.092133 0.003538
v -44.329052 53.529148 0.003068
v -44.722282 53.966160 0.002597
v -45.115513 53.529148 0.003068
v -44.722282 53.825916 -1.514078
v -44.329052 54.072571 -1.120846
v -44.722282 54.319225 -0.727614
v -45.115513 54.072571 -1.120846
v -43.208214 54.016609 -0.000008
v -44.718681 54.785339 -0.000008
v -44.719177 54.344360 0.393224
v -43.601444 53.775509 0.393224
v -44.719669 53.903385 -0.000008
v -43.994675 53.534412 -0.000008
v -44.719177 54.344360 -0.393240
v -43.601444 53.775509 -0.393240
v -46.236351 54.017216 -0.000008
v -45.843121 53.775509 0.393224
v -45.449890 53.533806 -0.000008
v -45.843121 53.775509 -0.393240
v -46.236351 51.470085 -0.000008
v -45.843121 51.716148 0.393224
v -45.449890 51.962212 -0.000008
v -45.843121 51.716148 -0.393240
v -44.725830 50.735710 -0.000008
v -44.725357 51.172726 0.393224
v -44.724888 51.609737 -0.000008
v -44.725357 51.172726 -0.393240
v -43.208214 51.469494 -0.000008
v -43.601444 51.716148 0.393224
v -43.994678 51.962803 -0.000008
v -43.601444 51.716148 -0.393240
v -43.208214 63.888035 -0.000010
v -44.718681 64.656761 -0.000010
v -44.719177 64.215790 0.393222
v -43.601444 63.646938 0.393222
v -44.719669 63.774811 -0.000010
v -43.994675 63.405838 -0.000010
v -44.719177 64.215790 -0.393242
v -43.601444 63.646938 -0.393242
v -46.236351 63.888641 -0.000010
v -45.843121 63.646938 0.393222
v -45.449890 63.405231 -0.000010
v -45.843121 63.646938 -0.393242
v -46.236351 61.341511 -0.000010
v -45.843121 61.587574 0.393222
v -45.449890 61.833637 -0.000010
v -45.843121 61.587574 -0.393242
v -44.725830 60.607140 -0.000010
v -44.725357 61.044151 0.393222
v -44.724888 61.481163 -0.000010
v -44.725357 61.044151 -0.393242
v -43.208214 61.340923 -0.000010
v -43.601444 61.587574 0.393222
v -43.994678 61.834229 -0.000010
v -43.601444 61.587574 -0.393242
v -44.722282 61.409176 -1.514080
v -44.722282 62.177902 -0.003609
v -44.329052 61.736923 -0.003116
v -44.329052 61.168076 -1.120848
v -44.722282 61.295944 -0.002622
v -44.722282 60.926971 -0.727616
v -45.115513 61.736923 -0.003116
v -45.115513 61.168076 -1.120848
v -44.722282 61.409779 1.514059
v -44.329052 61.168076 1.120828
v -44.722282 60.926369 0.727596
v -45.115513 61.168076 1.120828
v -44.722282 58.862648 1.514061
v -44.329052 59.108711 1.120830
v -44.722282 59.354774 0.727598
v -45.115513 59.108711 1.120830
v -44.722282 58.128273 0.003538
v -44.329052 58.565289 0.003068
v -44.722282 59.002300 0.002597
v -45.115513 58.565289 0.003068
v -44.722282 58.862061 -1.514078
v -44.329052 59.108711 -1.120846
v -44.722282 59.355366 -0.727614
v -45.115513 59.108711 -1.120846
v -43.208214 68.928612 -0.000010
v -44.718681 69.697342 -0.000010
v -44.719177 69.256363 0.393222
v -43.601444 68.687515 0.393222
v -44.719669 68.815384 -0.000010
v -43.994675 68.446411 -0.000010
v -44.719177 69.256363 -0.393242
v -43.601444 68.687515 -0.393242
v -46.236351 68.929214 -0.000010
v -45.843121 68.687515 0.393222
v -45.449890 68.445808 -0.000010
v -45.843121 68.687515 -0.393242
v -46.236351 66.382088 -0.000010
v -45.843121 66.628151 0.393222
v -45.449890 66.874214 -0.000010
v -45.843121 66.628151 -0.393242
v -44.725830 65.647713 -0.000010
v -44.725357 66.084724 0.393222
v -44.724888 66.521736 -0.000010
v -44.725357 66.084724 -0.393242
v -43.208214 66.381500 -0.000010
v -43.601444 66.628151 0.393222
v -43.994678 66.874802 -0.000010
v -43.601444 66.628151 -0.393242
v -44.722282 66.449745 -1.514080
v -44.722282 67.218475 -0.003609
v -44.329052 66.777496 -0.003116
v -44.329052 66.208649 -1.120848
v -44.722282 66.336517 -0.002622
v -44.722282 65.967552 -0.727616
v -45.115513 66.777496 -0.003116
v -45.115513 66.208649 -1.120848
v -44.722282 66.450356 1.514059
v -44.329052 66.208649 1.120828
v -44.722282 65.966942 0.727596
v -45.115513 66.208649 1.120828
v -44.722282 63.903221 1.514059
v -44.329052 64.149284 1.120828
v -44.722282 64.395348 0.727596
v -45.115513 64.149284 1.120828
v -44.722282 63.168850 0.003536
v -44.329052 63.605862 0.003066
v -44.722282 64.042877 0.002595
v -45.115513 63.605862 0.003066
v -44.722282 63.902634 -1.514080
v -44.329052 64.149284 -1.120848
v -44.722282 64.395943 -0.727616
v -45.115513 64.149284 -1.120848
v -43.208214 73.964752 -0.000012
v -44.718681 74.733482 -0.000012
v -44.719177 74.292503 0.393220
v -43.601444 73.723656 0.393220
v -44.719669 73.851524 -0.000012
v -43.994675 73.482552 -0.000012
v -44.719177 74.292503 -0.393244
v -43.601444 73.723656 -0.393244
v -46.236351 73.965355 -0.000012
v -45.843121 73.723656 0.393220
v -45.449890 73.481949 -0.000012
v -45.843121 73.723656 -0.393244
v -46.236351 71.418228 -0.000010
v -45.843121 71.664291 0.393222
v -45.449890 71.910355 -0.000010
v -45.843121 71.664291 -0.393242
v -44.725830 70.683853 -0.000010
v -44.725357 71.120865 0.393222
v -44.724888 71.557877 -0.000010
v -44.725357 71.120865 -0.393242
v -43.208214 71.417633 -0.000010
v -43.601444 71.664291 0.393222
v -43.994678 71.910942 -0.000010
v -43.601444 71.664291 -0.393242
v -44.722282 71.485893 -1.514080
v -44.722282 72.254616 -0.003609
v -44.329052 71.813637 -0.003116
v -44.329052 71.244789 -1.120848
v -44.722282 71.372665 -0.002622
v -44.722282 71.003693 -0.727616
v -45.115513 71.813637 -0.003116
v -45.115513 71.244789 -1.120848
v -44.722282 71.486496 1.514059
v -44.329052 71.244789 1.120828
v -44.722282 71.003082 0.727596
v -45.115513 71.244789 1.120828
v -44.722282 68.939362 1.514059
v -44.329052 69.185425 1.120828
v -44.722282 69.431488 0.727596
v -45.115513 69.185425 1.120828
v -44.722282 68.204987 0.003536
v -44.329052 68.641998 0.003066
v -44.722282 69.079018 0.002595
v -45.115513 68.641998 0.003066
v -44.722282 68.938774 -1.514080
v -44.329052 69.185425 -1.120848
v -44.722282 69.432083 -0.727616
v -45.115513 69.185425 -1.120848
vt 0.299933 0.543642
vt 0.304503 0.543599
vt 0.304522 0.545621
vt 0.299982 0.545558
vt 0.304542 0.547613
vt 0.300014 0.547545
vt 0.299941 0.539737
vt 0.304465 0.539585
vt 0.304484 0.541578
vt 0.299947 0.541725
vt 0.309094 0.543555
vt 0.309080 0.545471
vt 0.309086 0.547457
vt 0.309010 0.539652
vt 0.309043 0.541640
vt 0.316900 0.543476
vt 0.316583 0.545255
vt 0.316117 0.547291
vt 0.316042 0.539678
vt 0.316548 0.541704
vt 0.322297 0.543422
vt 0.321013 0.546108
vt 0.319462 0.548071
vt 0.319371 0.538831
vt 0.320960 0.540763
vt 0.286709 0.543761
vt 0.292127 0.543712
vt 0.292477 0.545484
vt 0.288044 0.546421
vt 0.292980 0.547511
vt 0.289630 0.548357
vt 0.289546 0.539113
vt 0.292910 0.539898
vt 0.292444 0.541934
vt 0.287995 0.541077
vt 0.292708 0.525908
vt 0.297277 0.525864
vt 0.297297 0.527886
vt 0.292757 0.527824
vt 0.297316 0.529878
vt 0.292789 0.529811
vt 0.292716 0.522002
vt 0.297240 0.521850
vt 0.297259 0.523843
vt 0.292721 0.523990
vt 0.301869 0.525820
vt 0.301855 0.527736
vt 0.301861 0.529723
vt 0.301785 0.521918
vt 0.301818 0.523905
vt 0.309675 0.525741
vt 0.309358 0.527520
vt 0.308892 0.529557
vt 0.308817 0.521943
vt 0.309323 0.523969
vt 0.315072 0.525687
vt 0.313788 0.528373
vt 0.312237 0.530336
vt 0.312145 0.521096
vt 0.313735 0.523028
vt 0.279484 0.526026
vt 0.284902 0.525977
vt 0.285252 0.527749
vt 0.280819 0.528687
vt 0.285755 0.529776
vt 0.282405 0.530622
vt 0.282321 0.521379
vt 0.285685 0.522163
vt 0.285219 0.524199
vt 0.280770 0.523342
s 1
f 817/884 821/885 822/886 818/887
f 818/887 822/886 823/888 819/889
f 819/890 823/891 824/892 820/893
f 820/893 824/892 821/885 817/884
f 821/885 825/894 826/895 822/886
f 822/886 826/895 827/896 823/888
f 823/891 827/897 828/898 824/892
f 824/892 828/898 825/894 821/885
f 825/894 829/899 830/900 826/895
f 826/895 830/900 831/901 827/896
f 827/897 831/902 832/903 828/898
f 828/898 832/903 829/899 825/894
f 829/899 833/904 834/905 830/900
f 830/900 834/905 835/906 831/901
f 831/902 835/907 836/908 832/903
f 832/903 836/908 833/904 829/899
f 833/909 837/910 838/911 834/912
f 834/912 838/911 839/913 835/914
f 835/915 839/916 840/917 836/918
f 836/918 840/917 837/910 833/909
f 837/910 817/884 818/887 838/911
f 838/911 818/887 819/889 839/913
f 839/916 819/890 820/893 840/917
f 840/917 820/893 817/884 837/910
f 841/919 842/920 843/921 844/922
f 844/922 843/921 845/923 846/924
f 846/925 845/926 847/927 848/928
f 848/928 847/927 842/920 841/919
f 842/920 849/929 850/930 843/921
f 843/921 850/930 851/931 845/923
f 845/926 851/932 852/933 847/927
f 847/927 852/933 849/929 842/920
f 849/929 853/934 854/935 850/930
f 850/930 854/935 855/936 851/931
f 851/932 855/937 856/938 852/933
f 852/933 856/938 853/934 849/929
f 853/934 857/939 858/940 854/935
f 854/935 858/940 859/941 855/936
f 855/937 859/942 860/943 856/938
f 856/938 860/943 857/939 853/934
f 857/944 861/945 862/946 858/947
f 858/947 862/946 863/948 859/949
f 859/950 863/951 864/952 860/953
f 860/953 864/952 861/945 857/944
f 861/945 841/919 844/922 862/946
f 862/946 844/922 846/924 863/948
f 863/951 846/925 848/928 864/952
f 864/952 848/928 841/919 861/945
f 865/884 866/885 867/886 868/887
f 868/887 867/886 869/888 870/889
f 870/890 869/891 871/892 872/893
f 872/893 871/892 866/885 865/884
f 866/885 873/894 874/895 867/886
f 867/886 874/895 875/896 869/888
f 869/891 875/897 876/898 871/892
f 871/892 876/898 873/894 866/885
f 873/894 877/899 878/900 874/895
f 874/895 878/900 879/901 875/896
f 875/897 879/902 880/903 876/898
f 876/898 880/903 877/899 873/894
f 877/899 881/904 882/905 878/900
f 878/900 882/905 883/906 879/901
f 879/902 883/907 884/908 880/903
f 880/903 884/908 881/904 877/899
f 881/909 885/910 886/911 882/912
f 882/912 886/911 887/913 883/914
f 883/915 887/916 888/917 884/918
f 884/918 888/917 885/910 881/909
f 885/910 865/884 868/887 886/911
f 886/911 868/887 870/889 887/913
f 887/916 870/890 872/893 888/917
f 888/917 872/893 865/884 885/910
f 889/884 890/885 891/886 892/887
f 892/887 891/886 893/888 894/889
f 894/890 893/891 895/892 896/893
f 896/893 895/892 890/885 889/884
f 890/885 897/894 898/895 891/886
f 891/886 898/895 899/896 893/888
f 893/891 899/897 900/898 895/892
f 895/892 900/898 897/894 890/885
f 897/894 901/899 902/900 898/895
f 898/895 902/900 903/901 899/896
f 899/897 903/902 904/903 900/898
f 900/898 904/903 901/899 897/894
f 901/899 905/904 906/905 902/900
f 902/900 906/905 907/906 903/901
f 903/902 907/907 908/908 904/903
f 904/903 908/908 905/904 901/899
f 905/909 909/910 910/911 906/912
f 906/912 910/911 911/913 907/914
f 907/915 911/916 912/917 908/918
f 908/918 912/917 909/910 905/909
f 909/910 889/884 892/887 910/911
f 910/911 892/887 894/889 911/913
f 911/916 894/890 896/893 912/917
f 912/917 896/893 889/884 909/910
f 913/919 914/920 915/921 916/922
f 916/922 915/921 917/923 918/924
f 918/925 917/926 919/927 920/928
f 920/928 919/927 914/920 913/919
f 914/920 921/929 922/930 915/921
f 915/921 922/930 923/931 917/923
f 917/926 923/932 924/933 919/927
f 919/927 924/933 921/929 914/920
f 921/929 925/934 926/935 922/930
f 922/930 926/935 927/936 923/931
f 923/932 927/937 928/938 924/933
f 924/933 928/938 925/934 921/929
f 925/934 929/939 930/940 926/935
f 926/935 930/940 931/941 927/936
f 927/937 931/942 932/943 928/938
f 928/938 932/943 929/939 925/934
f 929/944 933/945 934/946 930/947
f 930/947 934/946 935/948 931/949
f 931/950 935/951 936/952 932/953
f 932/953 936/952 933/945 929/944
f 933/945 913/919 916/922 934/946
f 934/946 916/922 918/924 935/948
f 935/951 918/925 920/928 936/952
f 936/952 920/928 913/919 933/945
f 937/884 938/885 939/886 940/887
f 940/887 939/886 941/888 942/889
f 942/890 941/891 943/892 944/893
f 944/893 943/892 938/885 937/884
f 938/885 945/894 946/895 939/886
f 939/886 946/895 947/896 941/888
f 941/891 947/897 948/898 943/892
f 943/892 948/898 945/894 938/885
f 945/894 949/899 950/900 946/895
f 946/895 950/900 951/901 947/896
f 947/897 951/902 952/903 948/898
f 948/898 952/903 949/899 945/894
f 949/899 953/904 954/905 950/900
f 950/900 954/905 955/906 951/901
f 951/902 955/907 956/908 952/903
f 952/903 956/908 953/904 949/899
f 953/909 957/910 958/911 954/912
f 954/912 958/911 959/913 955/914
f 955/915 959/916 960/917 956/918
f 956/918 960/917 957/910 953/909
f 957/910 937/884 940/887 958/911
f 958/911 940/887 942/889 959/913
f 959/916 942/890 944/893 960/917
f 960/917 944/893 937/884 957/910
f 961/919 962/920 963/921 964/922
f 964/922 963/921 965/923 966/924
f 966/925 965/926 967/927 968/928
f 968/928 967/927 962/920 961/919
f 962/920 969/929 970/930 963/921
f 963/921 970/930 971/931 965/923
f 965/926 971/932 972/933 967/927
f 967/927 972/933 969/929 962/920
f 969/929 973/934 974/935 970/930
f 970/930 974/935 975/936 971/931
f 971/932 975/937 976/938 972/933
f 972/933 976/938 973/934 969/929
f 973/934 977/939 978/940 974/935
f 974/935 978/940 979/941 975/936
f 975/937 979/942 980/943 976/938
f 976/938 980/943 977/939 973/934
f 977/944 981/945 982/946 978/947
f 978/947 982/946 983/948 979/949
f 979/950 983/951 984/952 980/953
f 980/953 984/952 981/945 977/944
f 981/945 961/919 964/922 982/946
f 982/946 964/922 966/924 983/948
f 983/951 966/925 968/928 984/952
f 984/952 968/928 961/919 981/945
f 985/884 986/885 987/886 988/887
f 988/887 987/886 989/888 990/889
f 990/890 989/891 991/892 992/893
f 992/893 991/892 986/885 985/884
f 986/885 993/894 994/895 987/886
f 987/886 994/895 995/896 989/888
f 989/891 995/897 996/898 991/892
f 991/892 996/898 993/894 986/885
f 993/894 997/899 998/900 994/895
f 994/895 998/900 999/901 995/896
f 995/897 999/902 1000/903 996/898
f 996/898 1000/903 997/899 993/894
f 997/899 1001/904 1002/905 998/900
f 998/900 1002/905 1003/906 999/901
f 999/902 1003/907 1004/908 1000/903
f 1000/903 1004/908 1001/904 997/899
f 1001/909 1005/910 1006/911 1002/912
f 1002/912 1006/911 1007/913 1003/914
f 1003/915 1007/916 1008/917 1004/918
f 1004/918 1008/917 1005/910 1001/909
f 1005/910 985/884 988/887 1006/911
f 1006/911 988/887 990/889 1007/913
f 1007/916 990/890 992/893 1008/917
f 1008/917 992/893 985/884 1005/910
f 1009/919 1010/920 1011/921 1012/922
f 1012/922 1011/921 1013/923 1014/924
f 1014/925 1013/926 1015/927 1016/928
f 1016/928 1015/927 1010/920 1009/919
f 1010/920 1017/929 1018/930 1011/921
f 1011/921 1018/930 1019/931 1013/923
f 1013/926 1019/932 1020/933 1015/927
f 1015/927 1020/933 1017/929 1010/920
f 1017/929 1021/934 1022/935 1018/930
f 1018/930 1022/935 1023/936 1019/931
f 1019/932 1023/937 1024/938 1020/933
f 1020/933 1024/938 1021/934 1017/929
f 1021/934 1025/939 1026/940 1022/935
f 1022/935 1026/940 1027/941 1023/936
f 1023/937 1027/942 1028/943 1024/938
f 1024/938 1028/943 1025/939 1021/934
f 1025/944 1029/945 1030/946 1026/947
f 1026/947 1030/946 1031/948 1027/949
f 1027/950 1031/951 1032/952 1028/953
f 1028/953 1032/952 1029/945 1025/944
f 1029/945 1009/919 1012/922 1030/946
f 1030/946 1012/922 1014/924 1031/948
f 1031/951 1014/925 1016/928 1032/952
f 1032/952 1016/928 1009/919 1029/945
o 25_viveska
v -41.556622 28.382086 -21.702816
v -35.103954 17.649128 -21.702816
v -35.742970 15.430964 -21.702816
v -37.533447 13.652134 -21.702816
v -40.120770 12.664957 -21.702816
v -42.992477 12.664957 -21.702816
v -45.579796 13.652134 -21.702816
v -47.370274 15.430963 -21.702816
v -48.009289 17.649126 -21.702816
v -41.556622 28.382086 -23.313166
v -35.103954 17.649128 -23.313166
v -35.742970 15.430964 -23.313166
v -37.533447 13.652134 -23.313166
v -40.120770 12.664957 -23.313166
v -42.992477 12.664957 -23.313166
v -45.579796 13.652134 -23.313166
v -47.370274 15.430963 -23.313166
v -48.009289 17.649126 -23.313166
v -35.103954 28.382086 -21.702816
v -35.103954 28.382086 -23.313166
v -48.009293 28.382084 -23.313166
v -48.009293 28.382084 -21.702816
vt 0.744942 0.908220
vt 0.765983 0.861348
vt 0.768296 0.869376
vt 0.167664 0.883559
vt 0.146897 0.883583
vt 0.146880 0.870809
vt 0.167650 0.870785
vt 0.112354 0.883633
vt 0.104929 0.883649
vt 0.104897 0.870876
vt 0.112331 0.870860
vt 0.096810 0.883673
vt 0.096769 0.870899
vt 0.087902 0.883705
vt 0.087851 0.870932
vt 0.078663 0.883745
vt 0.078604 0.870972
vt 0.069753 0.883790
vt 0.069687 0.871016
vt 0.061633 0.883834
vt 0.061561 0.871061
vt 0.054205 0.883878
vt 0.054130 0.871104
vt 0.188433 0.883536
vt 0.188419 0.870763
vt 0.797213 0.907671
vt 0.818254 0.860799
vt 0.820567 0.868827
vt 0.768296 0.908220
vt 0.773860 0.868827
vt 0.773860 0.907671
vt 0.820567 0.907671
vt 0.019661 0.884087
vt 0.019584 0.871314
vt 0.721589 0.869376
vt 0.721589 0.908220
vt 0.811774 0.854361
vt 0.802410 0.850788
vt 0.792017 0.850788
vt 0.782653 0.854361
vt 0.776173 0.860799
vt 0.759503 0.854910
vt 0.750139 0.851337
vt 0.739746 0.851337
vt 0.730382 0.854910
vt 0.723902 0.861348
s 1
f 1033/954 1035/955 1034/956
f 1033/957 1051/958 1052/959 1042/960
f 1034/961 1035/962 1044/963 1043/964
f 1035/962 1036/965 1045/966 1044/963
f 1036/965 1037/967 1046/968 1045/966
f 1037/967 1038/969 1047/970 1046/968
f 1038/969 1039/971 1048/972 1047/970
f 1039/971 1040/973 1049/974 1048/972
f 1040/973 1041/975 1050/976 1049/974
f 1054/977 1033/957 1042/960 1053/978
f 1042/979 1049/980 1050/981
f 1033/954 1034/956 1051/982
f 1034/961 1043/964 1052/959 1051/958
f 1043/983 1042/979 1052/984
f 1042/979 1050/981 1053/985
f 1050/976 1041/975 1054/986 1053/987
f 1041/988 1033/954 1054/989
f 1042/979 1048/990 1049/980
f 1042/979 1047/991 1048/990
f 1042/979 1046/992 1047/991
f 1042/979 1045/993 1046/992
f 1042/979 1044/994 1045/993
f 1042/979 1043/983 1044/994
f 1033/954 1036/995 1035/955
f 1033/954 1037/996 1036/995
f 1033/954 1038/997 1037/996
f 1033/954 1039/998 1038/997
f 1033/954 1040/999 1039/998
f 1033/954 1041/988 1040/999
o 26_viveska_kolca
v -45.192387 31.276989 -22.507990
v -44.813087 31.001411 -22.507990
v -44.957966 30.555519 -22.507990
v -45.426807 30.555519 -22.507990
v -45.571686 31.001411 -22.507990
v -45.192387 30.795509 -23.830843
v -44.813087 30.584406 -23.653706
v -44.957966 30.242832 -23.367092
v -45.426807 30.242832 -23.367092
v -45.571686 30.584406 -23.653706
v -45.192387 29.576361 -24.534719
v -44.813087 29.528507 -24.263329
v -44.957966 29.451078 -23.824209
v -45.426807 29.451078 -23.824209
v -45.571686 29.528507 -24.263329
v -45.192387 28.189997 -24.290266
v -44.813087 28.327785 -24.051609
v -44.957966 28.550732 -23.665455
v -45.426807 28.550732 -23.665455
v -45.571686 28.327785 -24.051609
v -45.192387 27.285110 -23.211864
v -44.813087 27.544069 -23.117613
v -44.957966 27.963072 -22.965109
v -45.426807 27.963072 -22.965109
v -45.571686 27.544069 -23.117613
v -45.192387 27.285110 -21.804113
v -44.813087 27.544069 -21.898367
v -44.957966 27.963072 -22.050871
v -45.426807 27.963072 -22.050871
v -45.571686 27.544069 -21.898367
v -45.192387 28.189997 -20.725714
v -44.813087 28.327785 -20.964371
v -44.957966 28.550732 -21.350525
v -45.426807 28.550732 -21.350525
v -45.571686 28.327785 -20.964371
v -45.192387 29.576363 -20.481260
v -44.813087 29.528509 -20.752651
v -44.957966 29.451080 -21.191771
v -45.426807 29.451080 -21.191771
v -45.571686 29.528509 -20.752651
v -45.192387 30.795509 -21.185137
v -44.813087 30.584406 -21.362274
v -44.957966 30.242832 -21.648888
v -45.426807 30.242832 -21.648888
v -45.571686 30.584406 -21.362274
v -37.738922 31.276989 -22.507990
v -37.359623 31.001411 -22.507990
v -37.504501 30.555519 -22.507990
v -37.973343 30.555519 -22.507990
v -38.118221 31.001411 -22.507990
v -37.738922 30.795509 -23.830845
v -37.359623 30.584406 -23.653706
v -37.504501 30.242832 -23.367092
v -37.973343 30.242832 -23.367092
v -38.118221 30.584406 -23.653706
v -37.738922 29.576361 -24.534719
v -37.359623 29.528507 -24.263329
v -37.504501 29.451078 -23.824211
v -37.973343 29.451078 -23.824211
v -38.118221 29.528507 -24.263329
v -37.738922 28.189997 -24.290266
v -37.359623 28.327785 -24.051609
v -37.504501 28.550732 -23.665455
v -37.973343 28.550732 -23.665455
v -38.118221 28.327785 -24.051609
v -37.738922 27.285110 -23.211866
v -37.359623 27.544069 -23.117613
v -37.504501 27.963072 -22.965109
v -37.973343 27.963072 -22.965109
v -38.118221 27.544069 -23.117613
v -37.738922 27.285110 -21.804113
v -37.359623 27.544069 -21.898367
v -37.504501 27.963072 -22.050871
v -37.973343 27.963072 -22.050871
v -38.118221 27.544069 -21.898367
v -37.738922 28.189997 -20.725714
v -37.359623 28.327785 -20.964371
v -37.504501 28.550732 -21.350525
v -37.973343 28.550732 -21.350525
v -38.118221 28.327785 -20.964371
v -37.738922 29.576361 -20.481260
v -37.359623 29.528507 -20.752651
v -37.504501 29.451078 -21.191771
v -37.973343 29.451078 -21.191771
v -38.118221 29.528507 -20.752651
v -37.738922 30.795509 -21.185137
v -37.359623 30.584406 -21.362274
v -37.504501 30.242832 -21.648890
v -37.973343 30.242832 -21.648890
v -38.118221 30.584406 -21.362274
vt 0.950616 0.970678
vt 0.954110 0.970678
vt 0.954110 0.972619
vt 0.950616 0.972619
vt 0.957603 0.970678
vt 0.957603 0.972619
vt 0.961097 0.970678
vt 0.961097 0.972619
vt 0.964590 0.970678
vt 0.964590 0.972619
vt 0.968084 0.970678
vt 0.968084 0.972619
vt 0.954110 0.974560
vt 0.950616 0.974560
vt 0.957603 0.974560
vt 0.961097 0.974560
vt 0.964590 0.974560
vt 0.968084 0.974560
vt 0.954110 0.976501
vt 0.950616 0.976501
vt 0.957603 0.976501
vt 0.961097 0.976501
vt 0.964590 0.976501
vt 0.968084 0.976501
vt 0.954110 0.978441
vt 0.950616 0.978441
vt 0.957603 0.978441
vt 0.961097 0.978441
vt 0.964590 0.978441
vt 0.968084 0.978441
vt 0.954110 0.980382
vt 0.950616 0.980382
vt 0.957603 0.980382
vt 0.961097 0.980382
vt 0.964590 0.980382
vt 0.968084 0.980382
vt 0.954110 0.982323
vt 0.950616 0.982323
vt 0.957603 0.982323
vt 0.961097 0.982323
vt 0.964590 0.982323
vt 0.968084 0.982323
vt 0.954110 0.984264
vt 0.950616 0.984264
vt 0.957603 0.984264
vt 0.961097 0.984264
vt 0.964590 0.984264
vt 0.968084 0.984264
vt 0.954110 0.986205
vt 0.950616 0.986205
vt 0.957603 0.986205
vt 0.961097 0.986205
vt 0.964590 0.986205
vt 0.968084 0.986205
vt 0.954110 0.988146
vt 0.950616 0.988146
vt 0.957603 0.988146
vt 0.961097 0.988146
vt 0.964590 0.988146
vt 0.968084 0.988146
s 1
f 1055/1000 1056/1001 1061/1002 1060/1003
f 1056/1001 1057/1004 1062/1005 1061/1002
f 1057/1004 1058/1006 1063/1007 1062/1005
f 1058/1006 1059/1008 1064/1009 1063/1007
f 1059/1008 1055/1010 1060/1011 1064/1009
f 1060/1003 1061/1002 1066/1012 1065/1013
f 1061/1002 1062/1005 1067/1014 1066/1012
f 1062/1005 1063/1007 1068/1015 1067/1014
f 1063/1007 1064/1009 1069/1016 1068/1015
f 1064/1009 1060/1011 1065/1017 1069/1016
f 1065/1013 1066/1012 1071/1018 1070/1019
f 1066/1012 1067/1014 1072/1020 1071/1018
f 1067/1014 1068/1015 1073/1021 1072/1020
f 1068/1015 1069/1016 1074/1022 1073/1021
f 1069/1016 1065/1017 1070/1023 1074/1022
f 1070/1019 1071/1018 1076/1024 1075/1025
f 1071/1018 1072/1020 1077/1026 1076/1024
f 1072/1020 1073/1021 1078/1027 1077/1026
f 1073/1021 1074/1022 1079/1028 1078/1027
f 1074/1022 1070/1023 1075/1029 1079/1028
f 1075/1025 1076/1024 1081/1030 1080/1031
f 1076/1024 1077/1026 1082/1032 1081/1030
f 1077/1026 1078/1027 1083/1033 1082/1032
f 1078/1027 1079/1028 1084/1034 1083/1033
f 1079/1028 1075/1029 1080/1035 1084/1034
f 1080/1031 1081/1030 1086/1036 1085/1037
f 1081/1030 1082/1032 1087/1038 1086/1036
f 1082/1032 1083/1033 1088/1039 1087/1038
f 1083/1033 1084/1034 1089/1040 1088/1039
f 1084/1034 1080/1035 1085/1041 1089/1040
f 1085/1037 1086/1036 1091/1042 1090/1043
f 1086/1036 1087/1038 1092/1044 1091/1042
f 1087/1038 1088/1039 1093/1045 1092/1044
f 1088/1039 1089/1040 1094/1046 1093/1045
f 1089/1040 1085/1041 1090/1047 1094/1046
f 1090/1043 1091/1042 1096/1048 1095/1049
f 1091/1042 1092/1044 1097/1050 1096/1048
f 1092/1044 1093/1045 1098/1051 1097/1050
f 1093/1045 1094/1046 1099/1052 1098/1051
f 1094/1046 1090/1047 1095/1053 1099/1052
f 1095/1049 1096/1048 1056/1054 1055/1055
f 1096/1048 1097/1050 1057/1056 1056/1054
f 1097/1050 1098/1051 1058/1057 1057/1056
f 1098/1051 1099/1052 1059/1058 1058/1057
f 1099/1052 1095/1053 1055/1059 1059/1058
f 1100/1000 1101/1001 1106/1002 1105/1003
f 1101/1001 1102/1004 1107/1005 1106/1002
f 1102/1004 1103/1006 1108/1007 1107/1005
f 1103/1006 1104/1008 1109/1009 1108/1007
f 1104/1008 1100/1010 1105/1011 1109/1009
f 1105/1003 1106/1002 1111/1012 1110/1013
f 1106/1002 1107/1005 1112/1014 1111/1012
f 1107/1005 1108/1007 1113/1015 1112/1014
f 1108/1007 1109/1009 1114/1016 1113/1015
f 1109/1009 1105/1011 1110/1017 1114/1016
f 1110/1013 1111/1012 1116/1018 1115/1019
f 1111/1012 1112/1014 1117/1020 1116/1018
f 1112/1014 1113/1015 1118/1021 1117/1020
f 1113/1015 1114/1016 1119/1022 1118/1021
f 1114/1016 1110/1017 1115/1023 1119/1022
f 1115/1019 1116/1018 1121/1024 1120/1025
f 1116/1018 1117/1020 1122/1026 1121/1024
f 1117/1020 1118/1021 1123/1027 1122/1026
f 1118/1021 1119/1022 1124/1028 1123/1027
f 1119/1022 1115/1023 1120/1029 1124/1028
f 1120/1025 1121/1024 1126/1030 1125/1031
f 1121/1024 1122/1026 1127/1032 1126/1030
f 1122/1026 1123/1027 1128/1033 1127/1032
f 1123/1027 1124/1028 1129/1034 1128/1033
f 1124/1028 1120/1029 1125/1035 1129/1034
f 1125/1031 1126/1030 1131/1036 1130/1037
f 1126/1030 1127/1032 1132/1038 1131/1036
f 1127/1032 1128/1033 1133/1039 1132/1038
f 1128/1033 1129/1034 1134/1040 1133/1039
f 1129/1034 1125/1035 1130/1041 1134/1040
f 1130/1037 1131/1036 1136/1042 1135/1043
f 1131/1036 1132/1038 1137/1044 1136/1042
f 1132/1038 1133/1039 1138/1045 1137/1044
f 1133/1039 1134/1040 1139/1046 1138/1045
f 1134/1040 1130/1041 1135/1047 1139/1046
f 1135/1043 1136/1042 1141/1048 1140/1049
f 1136/1042 1137/1044 1142/1050 1141/1048
f 1137/1044 1138/1045 1143/1051 1142/1050
f 1138/1045 1139/1046 1144/1052 1143/1051
f 1139/1046 1135/1047 1140/1053 1144/1052
f 1140/1049 1141/1048 1101/1054 1100/1055
f 1141/1048 1142/1050 1102/1056 1101/1054
f 1142/1050 1143/1051 1103/1057 1102/1056
f 1143/1051 1144/1052 1104/1058 1103/1057
f 1144/1052 1140/1053 1100/1059 1104/1058
o 27_viveska_sfera
v -51.061104 32.599827 -22.751902
v -50.071926 31.610645 -22.751902
v -51.061104 31.610645 -23.741081
v -52.050282 31.610645 -22.751902
v -51.061104 31.610645 -21.762722
v -51.061104 30.621466 -22.751902
v -50.361649 32.310104 -22.751902
v -51.061104 32.310104 -23.451357
v -51.760559 32.310104 -22.751902
v -51.061104 32.310104 -22.052446
v -50.361649 30.911190 -22.751902
v -51.061104 30.911190 -23.451357
v -51.760559 30.911190 -22.751902
v -51.061104 30.911190 -22.052446
v -50.361649 31.610645 -23.451357
v -51.760559 31.610645 -23.451357
v -51.760559 31.610645 -22.052446
v -50.361649 31.610645 -22.052446
vt 0.708651 0.736857
vt 0.705300 0.733507
vt 0.712001 0.733507
vt 0.701891 0.730099
vt 0.708650 0.727120
vt 0.715409 0.730099
vt 0.712001 0.740208
vt 0.718389 0.736857
vt 0.715409 0.743616
vt 0.705300 0.740208
vt 0.708651 0.746595
vt 0.701891 0.743616
vt 0.698912 0.736857
vt 0.680701 0.734349
vt 0.679925 0.729675
vt 0.685375 0.733572
vt 0.679135 0.724920
vt 0.686365 0.726428
vt 0.690130 0.732782
vt 0.676027 0.735125
vt 0.671272 0.735915
vt 0.672780 0.728684
vt 0.681477 0.739023
vt 0.682267 0.743778
vt 0.675036 0.742269
vt 0.688622 0.740013
s 1
f 1145/1060 1151/1061 1152/1062
f 1151/1061 1146/1063 1159/1064
f 1151/1061 1159/1064 1152/1062
f 1152/1062 1159/1064 1147/1065
f 1145/1060 1152/1062 1153/1066
f 1152/1062 1147/1065 1160/1067
f 1152/1062 1160/1067 1153/1066
f 1153/1066 1160/1067 1148/1068
f 1145/1060 1153/1066 1154/1069
f 1153/1066 1148/1068 1161/1070
f 1153/1066 1161/1070 1154/1069
f 1154/1069 1161/1070 1149/1071
f 1145/1060 1154/1069 1151/1061
f 1154/1069 1149/1071 1162/1072
f 1154/1069 1162/1072 1151/1061
f 1151/1061 1162/1072 1146/1063
f 1150/1073 1156/1074 1155/1075
f 1156/1074 1147/1076 1159/1077
f 1156/1074 1159/1077 1155/1075
f 1155/1075 1159/1077 1146/1078
f 1150/1073 1157/1079 1156/1074
f 1157/1079 1148/1080 1160/1081
f 1157/1079 1160/1081 1156/1074
f 1156/1074 1160/1081 1147/1076
f 1150/1073 1158/1082 1157/1079
f 1158/1082 1149/1083 1161/1084
f 1158/1082 1161/1084 1157/1079
f 1157/1079 1161/1084 1148/1080
f 1150/1073 1155/1075 1158/1082
f 1155/1075 1146/1078 1162/1085
f 1155/1075 1162/1085 1158/1082
f 1158/1082 1162/1085 1149/1083
o 28_viveska_palka
v -31.719135 31.481838 -22.087500
v -31.719135 31.827715 -22.254066
v -31.719135 31.913139 -22.628336
v -31.719135 31.673786 -22.928476
v -31.719135 31.289890 -22.928476
v -31.719135 31.050537 -22.628336
v -31.719135 31.135962 -22.254066
v -51.394108 31.481834 -22.087503
v -51.394108 31.827713 -22.254068
v -51.394108 31.913137 -22.628340
v -51.394108 31.673782 -22.928480
v -51.394108 31.289888 -22.928480
v -51.394108 31.050533 -22.628340
v -51.394108 31.135958 -22.254068
vt 0.570966 0.861687
vt 0.576287 0.861687
vt 0.576287 0.908239
vt 0.570966 0.908239
vt 0.539045 0.861687
vt 0.544365 0.861687
vt 0.544365 0.908239
vt 0.539045 0.908239
vt 0.549686 0.861687
vt 0.549686 0.908239
vt 0.555006 0.861687
vt 0.555006 0.908239
vt 0.560326 0.861687
vt 0.560326 0.908239
vt 0.565646 0.861687
vt 0.565646 0.908239
s 1
f 1163/1086 1164/1087 1171/1088 1170/1089
f 1164/1090 1165/1091 1172/1092 1171/1093
f 1165/1091 1166/1094 1173/1095 1172/1092
f 1166/1094 1167/1096 1174/1097 1173/1095
f 1167/1096 1168/1098 1175/1099 1174/1097
f 1168/1098 1169/1100 1176/1101 1175/1099
f 1169/1100 1163/1086 1170/1089 1176/1101
o 29_viveska_ukrashenie
v -45.250095 33.978939 -21.904215
v -44.374565 34.771648 -21.904217
v -45.730919 34.509998 -21.904215
v -44.855389 35.302708 -21.904215
v -43.605766 36.299759 -21.904215
v -44.316425 36.390198 -21.904215
v -43.801010 38.111538 -21.904219
v -44.453758 37.816353 -21.904215
v -44.718185 39.348331 -21.904219
v -45.205898 38.755630 -21.904219
v -47.881775 40.034294 -21.904219
v -47.820782 39.327965 -21.904219
v -49.376076 39.518040 -21.904219
v -48.872784 39.008221 -21.904219
v -50.877403 36.794807 -21.904215
v -50.179665 36.632412 -21.904215
v -50.960808 35.261478 -21.904215
v -50.258869 35.282780 -21.904215
v -50.428371 33.531307 -21.904217
v -49.880066 33.992367 -21.904215
v -49.192318 32.309273 -21.904217
v -48.698807 32.828560 -21.904215
v -47.191727 31.770061 -21.904217
v -46.978100 32.453861 -21.904215
v -44.616611 31.921970 -21.904217
v -44.824699 32.607475 -21.904215
v -42.366959 32.742390 -21.904217
v -42.575047 33.427891 -21.904217
v -40.556725 33.640091 -21.904217
v -40.810036 34.269241 -21.904215
v -37.138203 35.466972 -21.904215
v -37.300751 36.179741 -21.904215
v -35.587181 35.812145 -21.904215
v -35.497108 36.522850 -21.904215
v -34.381088 35.535263 -21.904215
v -34.099152 36.193844 -21.904215
v -33.447693 35.023479 -21.904215
v -32.922539 35.531231 -21.904215
v -32.975021 33.538696 -21.904215
v -32.313065 33.264793 -21.904215
v -33.352760 32.822433 -21.904217
v -32.867500 32.295429 -21.904217
v -34.225334 32.470226 -21.904217
v -34.148788 31.757936 -21.904217
v -34.875839 32.502323 -21.904217
v -35.041386 31.826134 -21.904215
v -35.150208 32.947277 -21.904217
v -35.882893 33.110569 -21.904215
v -35.006035 33.550529 -21.904217
v -35.704216 33.737534 -21.904215
v -46.287548 39.940697 -21.904219
v -46.541496 39.243607 -21.904219
v -38.791084 34.632084 -21.904217
v -38.921837 35.304832 -21.904215
v -35.700882 32.336964 -21.904215
v -50.406082 38.335236 -21.904219
v -49.805569 37.999130 -21.904219
v -33.000992 34.218685 -21.904215
v -32.333118 34.481689 -21.904215
v -45.250095 33.978939 -23.177320
v -44.374565 34.771648 -23.177320
v -45.730919 34.509998 -23.177320
v -44.855389 35.302708 -23.177320
v -43.605766 36.299759 -23.177320
v -44.316425 36.390198 -23.177320
v -43.801010 38.111538 -23.177324
v -44.453758 37.816353 -23.177320
v -44.718185 39.348331 -23.177324
v -45.205898 38.755630 -23.177324
v -47.881775 40.034294 -23.177324
v -47.820782 39.327965 -23.177324
v -49.376076 39.518040 -23.177324
v -48.872784 39.008221 -23.177324
v -50.877403 36.794807 -23.177320
v -50.179661 36.632412 -23.177320
v -50.960808 35.261478 -23.177320
v -50.258865 35.282780 -23.177320
v -50.428371 33.531307 -23.177320
v -49.880066 33.992367 -23.177320
v -49.192318 32.309273 -23.177320
v -48.698807 32.828560 -23.177320
v -47.191727 31.770061 -23.177320
v -46.978100 32.453861 -23.177320
v -44.616611 31.921970 -23.177320
v -44.824699 32.607475 -23.177320
v -42.366959 32.742390 -23.177320
v -42.575047 33.427891 -23.177320
v -40.556725 33.640091 -23.177320
v -40.810036 34.269241 -23.177320
v -37.138203 35.466972 -23.177320
v -37.300751 36.179741 -23.177320
v -35.587181 35.812145 -23.177320
v -35.497108 36.522850 -23.177320
v -34.381088 35.535263 -23.177320
v -34.099152 36.193844 -23.177320
v -33.447693 35.023479 -23.177320
v -32.922539 35.531231 -23.177320
v -32.975021 33.538696 -23.177320
v -32.313065 33.264793 -23.177320
v -33.352760 32.822433 -23.177320
v -32.867500 32.295429 -23.177320
v -34.225334 32.470226 -23.177320
v -34.148788 31.757936 -23.177320
v -34.875839 32.502323 -23.177320
v -35.041386 31.826134 -23.177320
v -35.150208 32.947277 -23.177320
v -35.882893 33.110569 -23.177320
v -35.006035 33.550529 -23.177320
v -35.704216 33.737534 -23.177320
v -46.287548 39.940697 -23.177324
v -46.541496 39.243607 -23.177324
v -38.791084 34.632084 -23.177320
v -38.921837 35.304832 -23.177320
v -35.700882 32.336964 -23.177320
v -50.406082 38.335236 -23.177324
v -49.805569 37.999130 -23.177324
v -33.000992 34.218685 -23.177320
v -32.333118 34.481689 -23.177320
vt 0.380434 0.867038
vt 0.383607 0.869911
vt 0.381865 0.871836
vt 0.378691 0.868963
vt 0.386394 0.875450
vt 0.383818 0.875778
vt 0.385686 0.882017
vt 0.383321 0.880947
vt 0.382362 0.886499
vt 0.380594 0.884351
vt 0.376674 0.888647
vt 0.375754 0.886120
vt 0.371117 0.886426
vt 0.370896 0.888986
vt 0.365479 0.887114
vt 0.367304 0.885267
vt 0.361746 0.882828
vt 0.363923 0.881609
vt 0.362567 0.876656
vt 0.360038 0.877244
vt 0.359735 0.871686
vt 0.362280 0.871764
vt 0.361665 0.865416
vt 0.363653 0.867087
vt 0.366145 0.860986
vt 0.367934 0.862868
vt 0.373397 0.859032
vt 0.374171 0.861510
vt 0.382730 0.859582
vt 0.381976 0.862067
vt 0.390884 0.862556
vt 0.390130 0.865041
vt 0.397446 0.865810
vt 0.396527 0.868090
vt 0.403845 0.869406
vt 0.403372 0.871844
vt 0.409247 0.875015
vt 0.409836 0.872431
vt 0.415458 0.873683
vt 0.415784 0.876258
vt 0.419829 0.872679
vt 0.420851 0.875066
vt 0.423212 0.870824
vt 0.425116 0.872664
vt 0.424831 0.867907
vt 0.427252 0.868860
vt 0.427325 0.864450
vt 0.424926 0.865442
vt 0.423557 0.862846
vt 0.425315 0.860936
vt 0.420394 0.861570
vt 0.420672 0.858988
vt 0.418036 0.861686
vt 0.417436 0.859235
vt 0.415046 0.861087
vt 0.414386 0.863890
vt 0.417042 0.863299
vt 0.417564 0.865485
vt 0.415034 0.866163
vt 0.877994 0.892694
vt 0.876251 0.890769
vt 0.879425 0.887896
vt 0.881167 0.889821
vt 0.873465 0.896308
vt 0.876041 0.896636
vt 0.874173 0.902875
vt 0.876538 0.901805
vt 0.877497 0.907357
vt 0.879265 0.905209
vt 0.883185 0.909504
vt 0.884105 0.906978
vt 0.894380 0.907973
vt 0.888963 0.909844
vt 0.888742 0.907284
vt 0.892555 0.906125
vt 0.898112 0.903686
vt 0.895936 0.902467
vt 0.900123 0.892545
vt 0.899821 0.898102
vt 0.897292 0.897514
vt 0.897579 0.892622
vt 0.898193 0.886274
vt 0.896206 0.887945
vt 0.893713 0.881844
vt 0.891925 0.883726
vt 0.886462 0.879890
vt 0.885688 0.882368
vt 0.877129 0.880440
vt 0.877883 0.882925
vt 0.868975 0.883414
vt 0.869729 0.885899
vt 0.862413 0.886668
vt 0.863331 0.888948
vt 0.856014 0.890263
vt 0.856488 0.892702
vt 0.844401 0.894541
vt 0.850023 0.893289
vt 0.850612 0.895873
vt 0.844075 0.897116
vt 0.840029 0.893537
vt 0.839008 0.895924
vt 0.836646 0.891682
vt 0.834743 0.893522
vt 0.832607 0.889718
vt 0.835027 0.888765
vt 0.836302 0.883704
vt 0.834934 0.886300
vt 0.832534 0.885307
vt 0.834543 0.881794
vt 0.839465 0.882428
vt 0.839188 0.879846
vt 0.841823 0.882544
vt 0.842423 0.880093
vt 0.844813 0.881945
vt 0.842295 0.886343
vt 0.842817 0.884157
vt 0.845473 0.884748
vt 0.844825 0.887021
vt 0.246730 0.508548
vt 0.246730 0.512544
vt 0.242123 0.512544
vt 0.242123 0.508019
vt 0.451123 0.446452
vt 0.451123 0.450738
vt 0.446496 0.450738
vt 0.446496 0.446452
vt 0.451123 0.443850
vt 0.446496 0.443850
vt 0.246730 0.502351
vt 0.242123 0.501877
vt 0.451123 0.455138
vt 0.446496 0.455138
vt 0.246730 0.495709
vt 0.242123 0.495341
vt 0.451123 0.460331
vt 0.446496 0.460331
vt 0.246730 0.490083
vt 0.242123 0.489812
vt 0.451123 0.464686
vt 0.446496 0.464686
vt 0.246730 0.483956
vt 0.242123 0.483773
vt 0.451123 0.469831
vt 0.446496 0.469831
vt 0.246730 0.472353
vt 0.246730 0.478123
vt 0.242123 0.478015
vt 0.242123 0.472307
vt 0.451123 0.474465
vt 0.451123 0.478432
vt 0.446496 0.478432
vt 0.446496 0.474465
vt 0.246730 0.466634
vt 0.242123 0.466637
vt 0.451123 0.483394
vt 0.446496 0.483394
vt 0.246730 0.455181
vt 0.246730 0.460768
vt 0.242123 0.460806
vt 0.242123 0.455243
vt 0.451123 0.488510
vt 0.451123 0.493387
vt 0.446496 0.493387
vt 0.446496 0.488510
vt 0.246730 0.448602
vt 0.242123 0.448678
vt 0.451123 0.498236
vt 0.446496 0.498236
vt 0.246730 0.442289
vt 0.242123 0.442372
vt 0.451123 0.504223
vt 0.446496 0.504223
vt 0.246730 0.434767
vt 0.242123 0.434851
vt 0.451123 0.510583
vt 0.446496 0.510583
vt 0.269446 0.531987
vt 0.269446 0.541337
vt 0.264832 0.541337
vt 0.264832 0.531987
vt 0.451123 0.518388
vt 0.446496 0.518388
vt 0.269446 0.523307
vt 0.264832 0.523307
vt 0.451123 0.527050
vt 0.446496 0.527050
vt 0.269446 0.515984
vt 0.264832 0.515984
vt 0.451123 0.534115
vt 0.446496 0.534115
vt 0.269446 0.508643
vt 0.264832 0.508643
vt 0.451123 0.541903
vt 0.446496 0.541903
vt 0.269446 0.496172
vt 0.269446 0.501932
vt 0.264831 0.501932
vt 0.264831 0.496172
vt 0.451123 0.548560
vt 0.451123 0.555196
vt 0.446496 0.555196
vt 0.446496 0.548560
vt 0.269446 0.491687
vt 0.264831 0.491687
vt 0.451123 0.560381
vt 0.446496 0.560381
vt 0.269446 0.487829
vt 0.264831 0.487829
vt 0.451123 0.565257
vt 0.446496 0.565257
vt 0.269446 0.484493
vt 0.264831 0.484493
vt 0.451123 0.569602
vt 0.446496 0.569602
vt 0.269446 0.479092
vt 0.269446 0.482027
vt 0.264831 0.482027
vt 0.264831 0.479092
vt 0.451123 0.574000
vt 0.451123 0.578036
vt 0.446496 0.578036
vt 0.446496 0.574000
vt 0.269446 0.475681
vt 0.264831 0.475681
vt 0.451123 0.583067
vt 0.446496 0.583067
vt 0.269446 0.473321
vt 0.264831 0.473321
vt 0.451123 0.586306
vt 0.446496 0.586306
vt 0.451123 0.589327
vt 0.446496 0.589327
vt 0.269446 0.469178
vt 0.269446 0.471426
vt 0.264831 0.471426
vt 0.264831 0.469178
vt 0.269446 0.466558
vt 0.264831 0.466558
vt 0.451123 0.592209
vt 0.451123 0.594577
vt 0.446496 0.594577
vt 0.446496 0.592209
s 1
f 1177/1102 1178/1103 1180/1104 1179/1105
f 1180/1104 1178/1103 1181/1106 1182/1107
f 1182/1107 1181/1106 1183/1108 1184/1109
f 1184/1109 1183/1108 1185/1110 1186/1111
f 1186/1111 1185/1110 1227/1112 1228/1113
f 1188/1114 1187/1115 1189/1116 1190/1117
f 1190/1117 1189/1116 1232/1118 1233/1119
f 1192/1120 1191/1121 1193/1122 1194/1123
f 1194/1123 1193/1122 1195/1124 1196/1125
f 1196/1125 1195/1124 1197/1126 1198/1127
f 1198/1127 1197/1126 1199/1128 1200/1129
f 1200/1129 1199/1128 1201/1130 1202/1131
f 1202/1131 1201/1130 1203/1132 1204/1133
f 1204/1133 1203/1132 1205/1134 1206/1135
f 1206/1135 1205/1134 1229/1136 1230/1137
f 1208/1138 1207/1139 1209/1140 1210/1141
f 1210/1141 1209/1140 1211/1142 1212/1143
f 1212/1143 1211/1142 1213/1144 1214/1145
f 1213/1144 1234/1146 1235/1147 1214/1145
f 1216/1148 1215/1149 1217/1150 1218/1151
f 1218/1151 1217/1150 1219/1152 1220/1153
f 1220/1153 1219/1152 1221/1154 1222/1155
f 1222/1155 1221/1154 1231/1156
f 1224/1157 1223/1158 1225/1159 1226/1160
f 1187/1115 1188/1114 1228/1113 1227/1112
f 1207/1139 1208/1138 1230/1137 1229/1136
f 1223/1158 1224/1157 1231/1156 1221/1154
f 1232/1118 1191/1121 1192/1120 1233/1119
f 1215/1149 1216/1148 1235/1147 1234/1146
f 1239/1161 1237/1162 1236/1163 1238/1164
f 1240/1165 1237/1162 1239/1161 1241/1166
f 1242/1167 1240/1165 1241/1166 1243/1168
f 1244/1169 1242/1167 1243/1168 1245/1170
f 1286/1171 1244/1169 1245/1170 1287/1172
f 1248/1173 1246/1174 1247/1175 1249/1176
f 1291/1177 1248/1173 1249/1176 1292/1178
f 1252/1179 1250/1180 1251/1181 1253/1182
f 1254/1183 1252/1179 1253/1182 1255/1184
f 1256/1185 1254/1183 1255/1184 1257/1186
f 1258/1187 1256/1185 1257/1186 1259/1188
f 1260/1189 1258/1187 1259/1188 1261/1190
f 1262/1191 1260/1189 1261/1190 1263/1192
f 1264/1193 1262/1191 1263/1192 1265/1194
f 1288/1195 1264/1193 1265/1194 1289/1196
f 1268/1197 1266/1198 1267/1199 1269/1200
f 1270/1201 1268/1197 1269/1200 1271/1202
f 1272/1203 1270/1201 1271/1202 1273/1204
f 1294/1205 1293/1206 1272/1203 1273/1204
f 1276/1207 1274/1208 1275/1209 1277/1210
f 1278/1211 1276/1207 1277/1210 1279/1212
f 1280/1213 1278/1211 1279/1212 1281/1214
f 1290/1215 1280/1213 1281/1214
f 1284/1216 1282/1217 1283/1218 1285/1219
f 1287/1172 1247/1175 1246/1174 1286/1171
f 1289/1196 1267/1199 1266/1198 1288/1195
f 1290/1215 1283/1218 1282/1217 1280/1213
f 1251/1181 1250/1180 1291/1177 1292/1178
f 1294/1205 1275/1209 1274/1208 1293/1206
f 1178/1220 1177/1221 1236/1222 1237/1223
f 1179/1224 1180/1225 1239/1226 1238/1227
f 1177/1228 1179/1224 1238/1227 1236/1229
f 1181/1230 1178/1220 1237/1223 1240/1231
f 1180/1225 1182/1232 1241/1233 1239/1226
f 1183/1234 1181/1230 1240/1231 1242/1235
f 1182/1232 1184/1236 1243/1237 1241/1233
f 1185/1238 1183/1234 1242/1235 1244/1239
f 1184/1236 1186/1240 1245/1241 1243/1237
f 1227/1242 1185/1238 1244/1239 1286/1243
f 1186/1240 1228/1244 1287/1245 1245/1241
f 1189/1246 1187/1247 1246/1248 1248/1249
f 1188/1250 1190/1251 1249/1252 1247/1253
f 1232/1254 1189/1246 1248/1249 1291/1255
f 1190/1251 1233/1256 1292/1257 1249/1252
f 1193/1258 1191/1259 1250/1260 1252/1261
f 1192/1262 1194/1263 1253/1264 1251/1265
f 1195/1266 1193/1258 1252/1261 1254/1267
f 1194/1263 1196/1268 1255/1269 1253/1264
f 1197/1270 1195/1266 1254/1267 1256/1271
f 1196/1268 1198/1272 1257/1273 1255/1269
f 1199/1274 1197/1270 1256/1271 1258/1275
f 1198/1272 1200/1276 1259/1277 1257/1273
f 1201/1278 1199/1279 1258/1280 1260/1281
f 1200/1276 1202/1282 1261/1283 1259/1277
f 1203/1284 1201/1278 1260/1281 1262/1285
f 1202/1282 1204/1286 1263/1287 1261/1283
f 1205/1288 1203/1284 1262/1285 1264/1289
f 1204/1286 1206/1290 1265/1291 1263/1287
f 1229/1292 1205/1288 1264/1289 1288/1293
f 1206/1290 1230/1294 1289/1295 1265/1291
f 1209/1296 1207/1297 1266/1298 1268/1299
f 1208/1300 1210/1301 1269/1302 1267/1303
f 1211/1304 1209/1296 1268/1299 1270/1305
f 1210/1301 1212/1306 1271/1307 1269/1302
f 1213/1308 1211/1304 1270/1305 1272/1309
f 1212/1306 1214/1310 1273/1311 1271/1307
f 1234/1312 1213/1308 1272/1309 1293/1313
f 1214/1310 1235/1314 1294/1315 1273/1311
f 1217/1316 1215/1317 1274/1318 1276/1319
f 1216/1320 1218/1321 1277/1322 1275/1323
f 1219/1324 1217/1316 1276/1319 1278/1325
f 1218/1321 1220/1326 1279/1327 1277/1322
f 1221/1328 1219/1324 1278/1325 1280/1329
f 1220/1326 1222/1330 1281/1331 1279/1327
f 1222/1330 1231/1332 1290/1333 1281/1331
f 1225/1334 1223/1335 1282/1336 1284/1337
f 1226/1338 1225/1334 1284/1337 1285/1339
f 1224/1340 1226/1341 1285/1342 1283/1343
f 1228/1244 1188/1250 1247/1253 1287/1245
f 1187/1247 1227/1242 1286/1243 1246/1248
f 1230/1294 1208/1300 1267/1303 1289/1295
f 1207/1297 1229/1292 1288/1293 1266/1298
f 1231/1332 1224/1340 1283/1343 1290/1333
f 1223/1335 1221/1328 1280/1329 1282/1336
f 1191/1259 1232/1254 1291/1255 1250/1260
f 1233/1256 1192/1262 1251/1265 1292/1257
f 1235/1314 1216/1320 1275/1323 1294/1315
f 1215/1317 1234/1312 1293/1313 1274/1318
o 30_viveska_kreplenie
v -31.719126 24.798988 -24.597282
v -31.719128 24.798988 -20.578140
v -31.719128 38.442604 -24.597286
v -31.719130 38.442604 -20.578144
v -32.197182 24.798988 -24.597282
v -32.197182 24.798988 -20.578140
v -32.197186 38.442604 -24.597286
v -32.197186 38.442604 -20.578144
vt 0.729809 0.663581
vt 0.744376 0.663581
vt 0.744376 0.713028
vt 0.729809 0.713028
vt 0.729809 0.661848
vt 0.744376 0.661848
vt 0.746108 0.663581
vt 0.746108 0.713028
vt 0.744376 0.714760
vt 0.729809 0.714760
vt 0.728077 0.713028
vt 0.728077 0.663581
s 1
f 1299/1344 1300/1345 1302/1346 1301/1347
f 1295/1348 1296/1349 1300/1345 1299/1344
f 1296/1350 1298/1351 1302/1346 1300/1345
f 1298/1352 1297/1353 1301/1347 1302/1346
f 1297/1354 1295/1355 1299/1344 1301/1347
o 31_lestnica
v -43.046867 0.008974 -13.034515
v -43.046875 0.008978 13.034515
v -43.046867 2.443966 -13.034515
v -43.046875 2.443970 13.034515
v -40.208660 2.443966 -13.034515
v -40.208664 2.443970 13.034515
v -40.208660 4.807373 -13.034515
v -40.208664 4.807377 13.034515
v -37.593582 4.807373 -13.034514
v -37.593586 4.807377 13.034516
v -37.593582 6.942312 -13.034516
v -37.593586 6.942316 13.034514
v -32.821899 6.942311 -13.034515
v -32.821907 6.942316 13.034515
v -32.820049 0.008974 -13.034516
v -32.820053 0.008978 13.034513
vt 0.914493 0.890510
vt 0.914528 0.879846
vt 0.984258 0.880072
vt 0.984224 0.890736
vt 0.984183 0.903166
vt 0.914452 0.902940
vt 0.984149 0.913517
vt 0.914419 0.913290
vt 0.984112 0.924969
vt 0.914381 0.924743
vt 0.984082 0.934319
vt 0.914351 0.934093
vt 0.984014 0.955217
vt 0.914283 0.954990
vt 0.726275 0.833003
vt 0.705377 0.833003
vt 0.705369 0.802638
vt 0.746317 0.763189
vt 0.746309 0.793554
vt 0.725412 0.793554
vt 0.725412 0.784204
vt 0.713959 0.784204
vt 0.713959 0.773853
vt 0.701529 0.763189
vt 0.701529 0.773853
vt 0.726275 0.823653
vt 0.737727 0.823653
vt 0.737727 0.813302
vt 0.750157 0.802638
vt 0.750157 0.813302
s 1
f 1305/1356 1303/1357 1304/1358 1306/1359
f 1305/1356 1306/1359 1308/1360 1307/1361
f 1307/1361 1308/1360 1310/1362 1309/1363
f 1309/1363 1310/1362 1312/1364 1311/1365
f 1311/1365 1312/1364 1314/1366 1313/1367
f 1313/1367 1314/1366 1316/1368 1315/1369
f 1313/1370 1315/1371 1317/1372
f 1318/1373 1316/1374 1314/1375
f 1312/1376 1310/1377 1318/1373
f 1310/1377 1308/1378 1318/1373
f 1308/1378 1304/1379 1318/1373
f 1314/1375 1312/1376 1318/1373
f 1308/1378 1306/1380 1304/1379
f 1317/1372 1311/1381 1313/1370
f 1317/1372 1309/1382 1311/1381
f 1317/1372 1307/1383 1309/1382
f 1303/1384 1305/1385 1307/1383
f 1307/1383 1317/1372 1303/1384
o 32_fundament
v -34.534653 0.000004 28.489738
v -22.975567 0.000004 28.489738
v -34.534653 0.000002 16.851261
v -34.534653 8.590853 28.489738
v -22.975567 8.590853 28.489738
v -34.534653 8.590851 16.851261
v -22.975567 0.000004 27.440292
v -22.975567 8.590853 27.440292
v -33.366344 8.590851 16.851261
v 34.534653 0.000004 28.489738
v 22.975567 0.000004 28.489738
v 22.975567 8.590853 28.489738
v 34.534653 8.590853 28.489738
v 34.534653 0.000002 16.851261
v 34.534653 8.590851 16.851261
v 22.975563 8.590853 27.440292
v 22.975563 0.000004 27.440292
v 33.366348 8.590851 16.851261
v 33.366348 0.000002 16.851261
v 33.366348 -0.000002 -16.851259
v -34.534653 -0.000004 -28.489740
v -22.975567 -0.000004 -28.489740
v -22.975567 8.590845 -28.489740
v -34.534653 8.590845 -28.489740
v -34.534653 -0.000002 -16.851259
v -34.534653 8.590847 -16.851259
v -22.975569 8.590845 -27.440294
v -22.975569 -0.000004 -27.440294
v -33.366344 8.590847 -16.851259
v -33.366344 -0.000002 -16.851259
v -33.366344 0.000002 16.851261
v 34.534653 -0.000004 -28.489740
v 34.534653 8.590845 -28.489740
v 22.975567 8.590845 -28.489740
v 22.975567 -0.000004 -28.489740
v 34.534653 -0.000002 -16.851259
v 34.534653 8.590847 -16.851259
v 22.975567 8.590845 -27.440294
v 22.975567 -0.000004 -27.440294
v 33.366348 8.590847 -16.851259
v -23.175022 8.590854 19.652740
v 23.175018 8.590854 19.652740
v -23.175024 8.590846 -19.652742
v 23.175026 8.590846 -19.652742
vt 0.234557 0.253118
vt 0.276450 0.253116
vt 0.276450 0.284251
vt 0.234558 0.284253
vt 0.192377 0.253118
vt 0.192377 0.284253
vt 0.280253 0.253116
vt 0.280254 0.284251
vt 0.446790 0.253103
vt 0.446791 0.284238
vt 0.188143 0.284253
vt 0.188143 0.253118
vt 0.492486 0.253102
vt 0.492487 0.284237
vt 0.450594 0.284238
vt 0.450593 0.253103
vt 0.061764 0.298535
vt 0.061764 0.329670
vt 0.019584 0.329670
vt 0.019584 0.298535
vt 0.065998 0.298535
vt 0.065998 0.329670
vt 0.188143 0.298535
vt 0.188143 0.329670
vt 0.492486 0.298518
vt 0.492487 0.329653
vt 0.450594 0.329655
vt 0.450593 0.298519
vt 0.061764 0.253119
vt 0.061764 0.284254
vt 0.019584 0.284254
vt 0.019584 0.253119
vt 0.446791 0.329655
vt 0.446789 0.298519
vt 0.065998 0.253118
vt 0.065998 0.284254
vt 0.234557 0.298534
vt 0.276450 0.298533
vt 0.276450 0.329668
vt 0.234558 0.329669
vt 0.192377 0.298534
vt 0.192377 0.329670
vt 0.280253 0.298532
vt 0.280254 0.329668
vt 0.019736 0.594382
vt 0.019711 0.552777
vt 0.054477 0.552777
vt 0.061917 0.594356
vt 0.023514 0.552777
vt 0.023413 0.385540
vt 0.054372 0.385540
vt 0.061914 0.590122
vt 0.019609 0.385540
vt 0.019584 0.344060
vt 0.061764 0.344035
vt 0.061767 0.348269
vt 0.183912 0.348194
vt 0.191349 0.385540
vt 0.226217 0.552777
vt 0.226242 0.594256
vt 0.191453 0.552777
vt 0.184062 0.594282
vt 0.222413 0.552777
vt 0.184059 0.590048
vt 0.226090 0.343934
vt 0.226115 0.385540
vt 0.183909 0.343960
vt 0.222312 0.385540
s 1
f 1319/1386 1320/1387 1323/1388 1322/1389
f 1321/1390 1319/1386 1322/1389 1324/1391
f 1323/1388 1320/1387 1325/1392 1326/1393
f 1326/1393 1325/1392 1335/1394 1334/1395
f 1321/1390 1324/1391 1327/1396 1349/1397
f 1328/1398 1331/1399 1330/1400 1329/1401
f 1332/1402 1333/1403 1331/1404 1328/1405
f 1330/1400 1334/1395 1335/1394 1329/1401
f 1332/1402 1337/1406 1336/1407 1333/1403
f 1337/1406 1338/1408 1358/1409 1336/1407
f 1339/1410 1342/1411 1341/1412 1340/1413
f 1343/1414 1344/1415 1342/1416 1339/1417
f 1341/1412 1345/1418 1346/1419 1340/1413
f 1343/1414 1348/1420 1347/1421 1344/1415
f 1348/1420 1349/1397 1327/1396 1347/1421
f 1350/1422 1353/1423 1352/1424 1351/1425
f 1354/1426 1350/1422 1351/1425 1355/1427
f 1352/1424 1353/1423 1357/1428 1356/1429
f 1356/1429 1357/1428 1346/1419 1345/1418
f 1354/1426 1355/1427 1358/1409 1338/1408
f 1322/1430 1323/1431 1359/1432
f 1324/1433 1322/1430 1359/1432
f 1323/1431 1326/1434 1359/1432
f 1326/1434 1334/1435 1360/1436 1359/1432
f 1327/1437 1324/1433 1359/1432
f 1330/1438 1331/1439 1360/1436
f 1331/1439 1333/1440 1360/1436
f 1334/1435 1330/1438 1360/1436
f 1333/1440 1336/1441 1360/1436
f 1336/1441 1358/1442 1362/1443 1360/1436
f 1341/1444 1342/1445 1361/1446
f 1342/1445 1344/1447 1361/1446
f 1345/1448 1341/1444 1361/1446
f 1344/1447 1347/1449 1361/1446
f 1347/1449 1327/1437 1359/1432 1361/1446
f 1351/1450 1352/1451 1362/1443
f 1355/1452 1351/1450 1362/1443
f 1352/1451 1356/1453 1362/1443
f 1356/1453 1345/1448 1361/1446 1362/1443
f 1358/1442 1355/1452 1362/1443
